OTU_ID_Arachnida,Pab_A_G_32TCONS2,MM_J_T_10MMOC3J,MM_P_T_9MMC3P,Pab_A_G_29TRE808,IZP_J_T_6IZPOC1J,IZP_W_T_7IZPOC1W,Pab_A_G_13SHC4C1,SJH_R_T_4SHC5C2R,Pab_A_G_21MMC3,Pab_A_G_55TRE137,IZP_P_T_5IZPOC1P,Pab_A_G_41TDIST2,IZT_R_T_8IZTPOCR,Pab_A_G_19MMC1,Pab_A_G_16IZPOC1,MM_W_T_11MMOC3W,Sb_C_G_55TRE137b,Sa_C_G_16IZPOC1a,Sb_C_G_16IZPOC1b,MM_R_T_12MMOC3R,Sa_C_G_21MMC3a,Sa_C_G_41TDIST2a,Sb_C_G_21MMC3b,Sb_C_G_41TDIST2b,Sa_C_G_29TRE808a,SJH_J_T_2SHCN5C2J,Sb_C_G_29TRE808b,Pab_D_G_13SHC4a,Sa_C_G_55TRE137a,Pab_D_G_19MMC1a,V1,V2,V3,limite0.005,limite0.01,limite0.015,limite0.02,limite0.025,limite0.03,limite0.04,limite0.05,limite0.06,limite0.075,limite0.006370571
Arachnida_Zotu16_P1_E02_21MMC3_S517_N701,0,0,0,0,0,0,0,0,320,0,0,0,0,923,0,0,0,0,0,0,527,0,16,0,0,0,0,0,0,144,1,Arachnida_Zotu16_P1_E02_21MMC3_S517_N701,CTTAAATAATATAAGCTTCTGATTACTACCCCCTTCTTTTCTTCTACTACTCTCTTCTGCCCTAGTAGAAAATGGAGCAGGCACCGGATGGACCGTATACCCCCCCCTATCAAGTAACATTGCACACGCTGGAGCTTCAGTAGATCTAACTATCTTTTCACTCCACCTCGCAGGAGTTTCCTCAATTCTAGGGGCTATTAATTTCATTACAACAATCCTAAATATACGAACACAAGGAATAATTCTAGAGCGGATACCCCTATTCGTCTGATCCGTTAAAATCACTGCCATCCTGCTACTTCTGTCCCTCCCCGTACTAGCGGGGGCCATCACAATACTACTAACAGATCGAAATTTTAACACTTCATTCTTTGACCCTGCTGGGGGGGGAGACCCCATCCTATATCAACATTTATTC,clade01,clade01,clade01,clade02,clade02 ,clade02,clade03,clade03,clade03,clade03,clade01
Arachnida_Zotu43_P1_B09_9MMC3P_S505_N705,0,0,21,0,0,0,0,0,1,0,0,0,0,11,0,0,0,0,0,0,5,0,0,0,0,0,0,0,0,0,3,Arachnida_Zotu43_P1_B09_9MMC3P_S505_N705,CTTAAATAATATAAGCTTCTGACTACTACCCCCTTCTTTTCTTCTACTACTCTCTTCTGCCCTAGTAGAAAATGGAGCAGGCACCGGATGGACCGTATACCCCCCCCTATCAAGTAACATTGCACACGCTGGTGCTTCAGTAGATCTAACTATCTTTTCACTCCACCTCGCAGGAGTTTCCTCAATTCTAGGGGCTATTAATTTCATTACAACAATCCTAAATATACGAACACAAGGAATAATTCTAGAGCGGATACCCCTATTCGTCTGATCCGTTAAAATCACTGCCATCCTGCTACTTCTGTCCCTCCCCGTACTAGCGGGGGCCATCACAATACTACTAACAGATCGAAATTTTAACACTTCATTCTTTGACCCTGCTGGGGGGGGAGACCCCATCCTATATCAACATTTATTC,clade01,clade01,clade01,clade02,clade02 ,clade02,clade03,clade03,clade03,clade03,clade01
Arachnida_Zotu68_P1_B09_9MMC3P_S505_N705,0,0,9,0,0,0,0,0,0,0,0,0,0,0,0,0,0,0,0,0,0,0,0,0,0,0,0,0,0,0,2,Arachnida_Zotu68_P1_B09_9MMC3P_S505_N705,CTTAAATAATATAAGCTTCTGACTACTACCCCCTTCTTTTCTTCTACTACTCTCTTCTGCCCTAGTAGAAAATGGAGCAGGCACCGGATGGACCGTATACCCCCCCCTATCAAGTAACATTGCACACGCTGGTGCTTCAGTAGATCTAACTATCTTTTCACTCCACCTCGCAGGAGTTTCCTCAATTCTAGGGGCTATTAATTTCATTACAACAATCCTAAATATACGAACACAAGGAATAATTCTAGAGCGGATACCCCTATTCGTCTGATCCGTTAAAATCACTGCCATCCTGCTACTTCTGTCCCTCCCCGTACTAGCGGGGGCCATCACAATACTACTAACAGATCGAAATTTTAACACTTCATTCTTTGACCCTGCTGGGGGGGGAGACCCCATCCTATATCAGCATTTATTC,clade01,clade01,clade01,clade02,clade02 ,clade02,clade03,clade03,clade03,clade03,clade01
Arachnida_Zotu214_P2_A01_16IZPOC1_S502_N707,0,0,0,0,0,0,0,0,1,0,0,0,0,0,5,0,0,3,0,0,0,0,1,0,0,0,0,0,0,0,6,Arachnida_Zotu214_P2_A01_16IZPOC1_S502_N707,AATAAATAATTTAAGCTTTTGACTTTTACCCCCTTCTTTGTTATTATTATTTATTTCAAGTATGGTTGAGATAGGAGTTGGGGCAGGGTGAACAGTGTACCCTCCTCTTGCTTCTTTGGAAGGTCATGCAGGAAGTTCTGTGGACTTTGCTATTTTTTCTCTTCATTTAGCTGGGGCTTCTTCTATTATAGGAGCAATTAATTTTATTTCTACTATTTTGAATATACGAGGGTATGGGGTATCTATAGAAAAAGTACCATTGTTTGTTTGATCTGTGTTAATTACTGCTGTTCTCTTATTATTATCATTACCTGTTTTAGCAGGTGCTATTACAATACTTTTAACTGATCGAAATTTTAATACTTCATTTTTTGACCCTGCAGGAGGGGGAGATCCAGTATTATTCCAACATTTATTT,clade02,clade02,clade04,clade06,clade06 ,clade06,clade07,clade07,clade09,clade09,clade02
Arachnida_Zotu221_P2_E04_21MMC3b_S502_N709,0,0,0,0,0,0,0,0,1,0,0,0,0,0,0,0,0,0,0,0,0,0,4,0,0,0,0,0,0,0,5,Arachnida_Zotu221_P2_E04_21MMC3b_S502_N709,AATAAATAATTTAAGCTTTTGACTTTTACCCCCTTCTTTGTTATTATTATTTATTTCAAGTATGGTTGAGATAGGAGTTGGGGCAGGGTGAACAGTGTATCCTCCTCTTGCTTCTTTGGAAGGTCATGCAGGAAGTTCTGTGGACTTTGCTATTTTTTCTCTTCATTTAGCTGGGGCTTCTTCTATTATAGGAGCAATTAATTTTATTTCTACTATTTTGAATATACGAGGGTATGGGGTATCTATAGAAAAAGTACCATTGTTTGTTTGATCTGTATTAATTACTGCTGTTCTCTTATTATTATCATTACCTGTTTTAGCAGGTGCTATTACAATACTTTTAACTGATCGAAATTTTAATACTTCATTTTTTGACCCTGCAGGAGGGGGAGATCCAGTATTATTCCAACATTTATTT,clade02,clade02,clade04,clade06,clade06 ,clade06,clade07,clade07,clade09,clade09,clade02
Arachnida_Zotu229_P1_D05_13SHC4C1_S505_N703,0,1,0,1,0,0,5,0,0,0,0,0,0,0,0,0,0,0,0,0,0,0,0,0,1,0,0,0,0,0,7,Arachnida_Zotu229_P1_D05_13SHC4C1_S505_N703,AATAAATAATTTAAGCTTTTGACTTTTACCCCCTTCTTTGTTATTACTATTTATTTCAAGTATGGTTGAGATAGGAGTTGGGGCAGGGTGAACAGTGTATCCTCCTCTTGCTTCTTTGGAAGGTCATGCAGGAAGTTCTGTGGACTTTGCTATTTTTTCTCTTCATTTAGCTGGGGCTTCTTCTATTATAGGAGCAATTAATTTTATTTCTACTATTTTGAATATACGAGGGTATGGGGTATCTATAGAAAAAGTACCATTGTTTGTTTGATCCGTGTTAATTACTGCTGTTCTCTTATTATTATCATTACCTGTTTTAGCAGGTGCTATTACAATACTTTTAACTGATCGAAATTTTAATACTTCATTTTTTGACCCTGCAGGAGGGGGAGATCCAGTATTATTCCAACATTTATTT,clade02,clade02,clade04,clade06,clade06 ,clade06,clade07,clade07,clade09,clade09,clade02
Arachnida_Zotu252_P1_D05_13SHC4C1_S505_N703,0,0,0,1,0,0,4,0,0,0,0,0,0,0,0,0,0,0,0,0,0,0,0,0,4,0,0,3,0,0,4,Arachnida_Zotu252_P1_D05_13SHC4C1_S505_N703,AATAAATAATTTAAGCTTTTGACTTTTACCCCCTTCTTTGTTATTATTATTTATTTCAAGTATGGTTGAGATAGGAGTTGGGGCAGGGTGAACAGTGTATCCTCCTCTTGCTTCTTTGGAAGGTCATGCAGGAAGTTCTGTGGACTTTGCTATTTTTTCTCTTCATTTAGCTGGGGCTTCTTCTATTATAGGAGCAATTAATTTTATTTCTACTATTTTGAATATACGAGGGTATGGGGTATCTATAGAAAAAGTACCATTGTTTGTTTGATCTGTGTTAATTACTGCTGTTCTCTTATTATTATCATTACCTGTTTTAGCAGGTGCTATTACAATACTTTTAACTGATCGAAATTTTAATACTTCATTTTTTGACCCTGCAGGAGGGGGAGATCCAGTATTATTCCAACATTTATTT,clade02,clade02,clade04,clade06,clade06 ,clade06,clade07,clade07,clade09,clade09,clade02
Arachnida_Zotu167_P1_A01_32TCONS2_S502_N701,4,0,0,0,0,0,0,0,0,0,0,0,0,0,0,0,0,0,0,0,0,0,0,0,0,0,0,0,0,0,9,Arachnida_Zotu167_P1_A01_32TCONS2_S502_N701,TATAAATAATTTAAGATTTTGATTGTTACCACCTTCTTTGTTTATATTAATTATTTCTTCTATAGTGGAAATAGGTGTAGGAGCAGGATGAACAATTTACCCGCCTTTAGCTTCTAATATTGGTCATTCAGGAAGTTCTGTTGATTTTGCTATTTTTTCATTACATTTAGCTGGGGCTTCATCTATTATAGGGGCTATTAATTTTATTACAACAATTTTGAATATACGTTCTTATGGGATAAGAATAGAAAAAGTTCCTTTATTTGTGTGATCGGTTTTAATTACTGCTGTATTATTGTTATTATCTTTACCTGTGTTAGCAGGTGCTATTACTATATTATTGACTGATCGGAATTTTAATACTTCTTTTTTTGATCCTGCTGGTGGAGGGGATCCTATTTTATTTCAACATTTATTT,clade03,clade03,clade05,clade07,clade07 ,clade07,clade10,clade11,clade13,clade17,clade03
Arachnida_Zotu95_P1_F08_41TDIST2_S503_N705,0,0,0,0,0,0,0,0,0,0,0,34,0,0,0,0,0,0,0,0,0,14,0,8,0,0,0,0,0,0,8,Arachnida_Zotu95_P1_F08_41TDIST2_S503_N705,TATAAATAATTTAAGATTTTGATTATTACCACCTTCTTTGTTTATATTAATTATTTCTTCTATAGTGGAAATAGGTGTAGGAGCAGGATGAACAATTTACCCGCCTTTAGCTTCTAATATTGGTCATTCAGGAAGTTCTGTTGATTTTGCTATTTTTTCATTACATTTAGCTGGGGCTTCATCTATTATAGGGGCTATTAATTTTATTACAACAATTTTGAATATACGTTCTTATGGGATAAGAATAGAAAAAGTTCCTTTATTTGTGTGATCGGTTTTAATTACTGCTGTATTATTGTTATTATCTTTACCTGTGTTAGCAGGTGCTATTACTATATTATTGACTGATCGGAATTTTAATACTTCTTTTTTTGATCCTGCTGGTGGAGGGGATCCTATTTTATTTCAACATTTATTT,clade03,clade03,clade05,clade07,clade07 ,clade07,clade10,clade11,clade13,clade17,clade03
Arachnida_Zotu157_P1_C03_29TRE808_S504_N702,0,0,0,4,0,0,0,0,0,0,0,1,0,0,0,0,0,0,0,0,0,0,0,0,5,0,0,0,0,0,11,Arachnida_Zotu157_P1_C03_29TRE808_S504_N702,TATAAATAATTTGAGTTTTTGGTTATTACCCCCTTCTTTATTTTTGCTTTTTATTTCCAGAATGGATGAGATAGGAGTAGGGGCCGGATGAACTGTGTATCCTCCTCTTGCTTCTTTGGAGGGTCATGCTGGAAGTTCTGTTGATTTTGCTATTTTTTCTTTACATCTAGCTGGGGCTTCTTCAATTATAGGGGCTATTAATTTTATTTCTACAATTTTAAATATGCGAGGTTATGGAATAACTATAGAGAAAGTTCCTTTATTTGTTTGGTCAGTTCTTATTACAGCTGTTTTACTTTTATTATCTTTACCTGTTTTAGCTGGAGCGATTACTATATTATTAACCGACCGCAATTTTAATACGTCTTTTTTTGATCCTGCGGGGGGAGGGGATCCTGTATTGTTTCAACATTTATTT,clade04,clade04,clade07,clade10,clade10 ,clade10,clade13,clade14,clade17,clade11,clade04
Arachnida_Zotu48_P1_E02_21MMC3_S517_N701,0,0,0,0,0,0,0,0,86,52,0,0,0,0,0,0,65,0,0,0,111,0,50,0,0,0,0,0,0,0,10,Arachnida_Zotu48_P1_E02_21MMC3_S517_N701,TATAAATAATTTGAGTTTTTGGTTATTACCCCCTTCTTTATTTTTACTTTTTATTTCCAGAATGGATGAGATAGGAGTAGGGGCCGGATGAACTGTGTATCCTCCTCTTGCTTCTTTGGAGGGTCATGCTGGAAGTTCTGTTGATTTTGCTATTTTTTCTTTACATCTAGCTGGGGCTTCTTCAATTATAGGGGCTATTAATTTTATTTCTACAATTTTAAATATGCGAGGTTATGGAATAACTATAGAGAAAGTTCCTTTATTTGTTTGGTCAGTTCTTATTACAGCTGTTTTACTTTTATTATCTTTACCTGTTTTAGCTGGAGCAATTACTATATTATTAACCGACCGCAATTTTAATACGTCTTTTTTTGATCCTGCGGGGGGAGGGGATCCTGTATTGTTTCAACATTTATTT,clade04,clade04,clade07,clade10,clade10 ,clade10,clade13,clade14,clade17,clade11,clade04
Arachnida_Zotu60_P1_F07_5IZPOC1P_S507_N704,0,0,0,0,0,0,0,0,0,0,5,0,0,0,90,0,0,57,34,0,0,0,0,0,0,0,0,0,0,0,12,Arachnida_Zotu60_P1_F07_5IZPOC1P_S507_N704,TATAAATAATTTGAGCTTTTGGTTATTACCCCCTTCTTTATTTTTACTTTTTATTTCCAGAATGGATGAGATAGGAGTAGGGGCCGGATGAACTGTATATCCTCCTCTTGCTTCTTTGGAGGGTCATGCTGGAAGTTCTGTTGATTTTGCTATTTTTTCTTTACATCTAGCTGGGGCTTCTTCAATTATAGGGGCTATTAATTTTATTTCTACAATTTTAAATATGCGAGGTTATGGAATAACTATAGAGAAAGTTCCTTTATTTGTTTGGTCAGTTCTTATTACAGCTGTTTTACTTTTATTATCTTTACCTGTTTTAGCTGGAGCGATTACTATATTATTAACCGACCGCAATTTTAATACGTCTTTTTTTGATCCTGCGGGGGGAGGGGATCCTGTATTGTTTCAACATTTATTT,clade04,clade04,clade07,clade10,clade10 ,clade10,clade13,clade14,clade17,clade11,clade04
Arachnida_Zotu10_P1_C03_29TRE808_S504_N702,0,0,0,464,0,0,0,0,0,0,0,0,0,4,0,0,0,0,0,0,0,0,0,0,1113,0,0,0,0,0,13,Arachnida_Zotu10_P1_C03_29TRE808_S504_N702,TATAAATAATTTGAGATTTTGATTGTTACCGCCTTCTTTATTTTTATTATTTATTTCTTCTATAGCTGAAATAGGAGTTGGTGCAGGTTGAACTGTTTATCCTCCTTTGGCTTCTACTATTGGTCATTCTGGTAGATCAGTGGATTTTGCTATTTTTTCTTTACATTTGGCGGGAGCTTCTTCTATTATAGGGGCTATTAATTTCATTTCTACTATTTTTAATATACGTTCTTATGGAATAAGAATAGAAAAGGTTCCTTTATTTGTTTGGTCAGTTTTAATTACTGCTGTTTTACTTTTATTATCTCTTCCTGTATTAGCTGGTGCTATTACGATATTGTTAACTGATCGAAATTTTAATACTTCTTTTTTTGATCCGGCAGGAGGTGGTGATCCTATTTTATTTCAACATTTATTT,clade05,clade05,clade08,clade11,clade11 ,clade12,clade15,clade17,clade18,clade16,clade05
Arachnida_Zotu13_P1_C03_29TRE808_S504_N702,0,0,0,399,0,0,0,0,0,0,0,0,0,0,0,0,0,0,0,0,0,0,0,0,737,0,0,0,0,0,14,Arachnida_Zotu13_P1_C03_29TRE808_S504_N702,TATAAATAATTTGAGATTTTGATTGTTACCTCCTTCTTTATTTTTATTATTTATTTCTTCTATAGCTGAAATAGGAGTTGGTGCAGGTTGAACTGTTTATCCTCCTTTGGCTTCTACTATTGGTCATTCTGGTAGATCAGTGGATTTTGCTATTTTTTCTTTACATTTGGCGGGAGCTTCTTCTATTATGGGGGCTATTAATTTCATTTCTACTATTTTTAATATACGTTCTTATGGAATAAGAATAGAAAAGGTCCCTTTATTTGTTTGGTCAGTTTTAATTACTGCTGTTTTACTTTTATTATCTCTTCCTGTATTAGCTGGTGCTATTACGATATTGTTAACTGATCGAAATTTTAATACTTCTTTTTTTGATCCGGCAGGAGGTGGTGATCCTATTTTATTTCAACATTTATTT,clade05,clade05,clade08,clade11,clade11 ,clade12,clade15,clade17,clade18,clade16,clade05
Arachnida_Zotu108_P1_E02_21MMC3_S517_N701,0,0,0,0,0,0,0,0,22,0,0,0,0,0,0,0,0,0,0,0,0,0,29,0,0,0,0,0,0,0,15,Arachnida_Zotu108_P1_E02_21MMC3_S517_N701,TATAAATAATTTAAGATTTTGGTTATTACCCCCTTCTTTATTATTGTTATTTATTTCAAGAATAGATGAGATAGGTGTAGGAGCAGGTTGAACTGTTTATCCCCCCTTAGCTTCTTTAGAAGGTCATTCTGGTAGATCAGTGGATTTTGCAATTTTTTCCTTACATTTAGCTGGTGCTTCTTCGATTATAGGGGCTATTAATTTTATTTCTACAATTTTGAACATACGGGGGTATGGCATAACTATAGAGAAGGTCCCCTTATTTGTATGGTCTGTGTTAATTACAGCTGTTTTGTTATTACTATCTTTGCCTGTTTTAGCGGGTGCTATTACTATACTTTTAACTGACCGAAATTTTAATACTTCATTTTTTGATCCGTCTGGAGGAGGGGATCCTGTTTTGTTTCAACATTTATTT,clade06,clade06,clade09,clade12,clade12 ,clade13,clade16,clade19,clade16,clade14,clade06
Arachnida_Zotu117_P1_A01_32TCONS2_S502_N701,15,0,0,0,0,0,0,0,0,0,0,0,0,0,0,0,0,1,0,0,0,0,0,0,0,0,0,0,0,0,20,Arachnida_Zotu117_P1_A01_32TCONS2_S502_N701,TATAAATAATTTAAGATTTTGGTTATTACCCCCTTCTTTATTATTGTTATTTATTTCAAGAATAGATGAGATAGGTGTAGGAGCAGGTTGAACTGTTTATCCCCCTTTAGCTTCTTTAGAAGGTCATTCTGGTAGATCAGTGGATTTTGCAATTTTTTCTTTACATTTAGCTGGTGCTTCTTCGATTATAGGAGCTATTAATTTTATTTCTACAATTTTGAACATACGGGGGTATGGCATAACTATAGAGAAGGTCCCCTTATTTGTATGGTCTGTGTTAATTACAGCTGTTTTGTTATTACTATCTTTGCCTGTTTTAGCGGGTGCTATTACTATACTTTTAACTGACCGAAATTTTAATACTTCATTTTTTGACCCGTCTGGAGGAGGGGATCCTGTTTTGTTTCAACATTTATTT,clade06,clade06,clade09,clade12,clade12 ,clade13,clade16,clade19,clade16,clade14,clade06
Arachnida_Zotu130_P2_G03_2SHCN5C2J_S506_N708,0,0,0,0,0,0,0,0,0,0,0,0,0,0,0,0,0,0,0,0,0,0,0,0,0,10,0,0,0,0,17,Arachnida_Zotu130_P2_G03_2SHCN5C2J_S506_N708,TATAAATAATTTAAGATTTTGGTTATTACCCCCTTCTTTATTATTGTTATTTATTTCAAGAATAGATGAGATAGGTGTAGGAGCAGGTTGAACTGTTTATCCCCCTTTAGCTTCTTTAGAAGGTCATTCTGGTAGATCAGTGGATTTTGCAATTTTTTCTTTACATTTAGCTGGTGCTTCTTCGATTATAGGGGCTATTAATTTTATTTCTACAATTTTGAACATACGGGGGTATGGCATAACTATAGAGAAGGTCCCCTTATTTGTATGGTCTGTGTTAATTACAGCTGTTTTGTTATTACTATCTTTGCCTGTTTTAGCGGGTGCTATTACTATACTTTTAACTGACCGAAATTTTAATACTTCATTTTTTGATCCGTCTGGAGGAGGGGATCCTGTTTTGTTTCAACATTTATTT,clade06,clade06,clade09,clade12,clade12 ,clade13,clade16,clade19,clade16,clade14,clade06
Arachnida_Zotu187_P2_A01_16IZPOC1_S502_N707,0,0,0,0,0,0,0,0,0,0,0,0,0,0,7,0,0,4,0,0,0,0,0,0,0,0,0,0,0,0,21,Arachnida_Zotu187_P2_A01_16IZPOC1_S502_N707,TATAAATAATTTAAGATTTTGGTTATTACCCCCTTCTTTATTATTGTTATTTATTTCAAGAATAGATGAGATAGGTGTAGGAGCAGGGTGAACTATTTATCCCCCTTTAGCTTCTTTAGAAGGTCATTCTGGTAGATCAGTGGATTTTGCAATTTTTTCTTTACATTTAGCTGGTGCTTCTTCGATTATAGGAGCTATTAATTTTATTTCTACAATTTTGAACATACGGGGGTATGGCATAACTATAGAGAAGGTCCCCTTATTTGTATGGTCTGTGTTAATTACAGCTGTTTTGTTATTACTATCTTTGCCTGTTTTAGCGGGTGCTATTACTATACTTTTAACTGACCGAAATTTTAATACTTCATTTTTTGATCCGTCTGGAGGAGGGGATCCTGTTTTGTTTCAACATTTATTT,clade06,clade06,clade09,clade12,clade12 ,clade13,clade16,clade19,clade16,clade14,clade06
Arachnida_Zotu211_P1_E02_21MMC3_S517_N701,0,0,0,0,0,0,0,0,4,0,0,0,0,0,0,0,0,0,0,0,0,0,6,0,0,0,0,0,0,0,19,Arachnida_Zotu211_P1_E02_21MMC3_S517_N701,TATAAATAATTTAAGATTTTGGTTATTACCCCCTTCTCTATTATTGTTATTTATTTCAAGAATAGATGAGATAGGTGTAGGAGCAGGTTGAACTGTTTATCCCCCTTTAGCTTCTTTAGAAGGTCATTCTGGTAGATCAGTGGATTTTGCAATTTTTTCTTTACATTTAGCTGGTGCTTCTTCGATTATAGGAGCTATTAATTTTATTTCTACAATTTTGAACATACGGGGGTATGGCATAACTATAGAGAAGGTCCCCTTATTTGTATGGTCTGTGTTAATTACAGCTGTTTTGTTATTACTATCTTTGCCTGTTTTAGCGGGTGCTATTACTATACTTTTAACTGACCGAAATTTTAATACTTCATTTTTTGATCCGTCTGGAGGAGGGGATCCTGTTTTGTTTCAACATTTATTT,clade06,clade06,clade09,clade12,clade12 ,clade13,clade16,clade19,clade16,clade14,clade06
Arachnida_Zotu222_P2_E04_21MMC3b_S502_N709,0,0,0,0,0,0,0,0,2,0,0,0,0,0,0,0,0,0,0,0,0,0,4,0,0,0,0,0,0,0,16,Arachnida_Zotu222_P2_E04_21MMC3b_S502_N709,TATAAATAATTTAAGATTTTGGTTATTACCCCCTTCTTTATTATTGTTATTTATTTCAAGAATAGATGAGATAGGTGTAGGAGCAGGTTGAACTGTTTATCCCCCCTTAGCTTCTTTAGAAGGTCATTCTGGTAGATCAGTGGATTTTGCAATTTTTTCCTTACATTTAGCTGGTGCTTCTTCGATTATAGGAGCTATTAATTTTATTTCTACAATTTTGAACATACGGGGGTATGGCATAACTATAGAGAAGGTCCCCTTATTTGTATGGTCTGTGTTAATTACAGCTGTTTTGTTATTACTATCTTTGCCTGTTTTAGCGGGTGCTATTACTATACTTTTAACTGACCGAAATTTTAATACTTCATTTTTTGATCCGTCTGGAGGAGGGGATCCTGTTTTGTTTCAACATTTATTT,clade06,clade06,clade09,clade12,clade12 ,clade13,clade16,clade19,clade16,clade14,clade06
Arachnida_Zotu86_P1_F08_41TDIST2_S503_N705,0,2,0,0,0,0,0,0,0,0,0,43,0,0,0,0,0,0,0,0,0,0,0,42,0,0,0,0,0,0,18,Arachnida_Zotu86_P1_F08_41TDIST2_S503_N705,TATAAATAATTTAAGATTTTGGTTATTACCCCCTTCTTTATTATTGTTATTTATTTCAAGAATAGATGAGATAGGTGTAGGAGCAGGTTGAACTGTTTATCCCCCTTTAGCTTCTTTAGAAGGTCATTCTGGTAGATCAGTGGATTTTGCAATTTTTTCTTTACATTTAGCTGGTGCTTCTTCGATTATAGGAGCTATTAATTTTATTTCTACAATTTTGAACATACGGGGGTATGGCATAACTATAGAGAAGGTCCCCTTATTTGTATGGTCTGTGTTAATTACAGCTGTTTTGTTATTACTATCTTTGCCTGTTTTAGCGGGTGCTATTACTATACTTTTAACTGACCGAAATTTTAATACTTCATTTTTTGATCCGTCTGGAGGAGGGGATCCTGTTTTGTTTCAACATTTATTT,clade06,clade06,clade09,clade12,clade12 ,clade13,clade16,clade19,clade16,clade14,clade06
Arachnida_Zotu208_P1_E02_21MMC3_S517_N701,0,0,0,0,0,0,0,0,5,0,0,0,0,224,0,0,0,0,0,0,0,0,3,0,0,0,0,0,0,14,111,Arachnida_Zotu208_P1_E02_21MMC3_S517_N701,TATGAATAATTTAAGATTTTGATTATTACCACCGTCTTTGTTTATATTGTTATTGTCTTCTATAACTGAGGTGGGTGTTGGGGCTGGTTGGACTATTTATCCTCCTTTGTCAGGTTCTTTAGGACATTCTGGAGGTGGGATGGATTTTGCTATTTTTTCTCTTCATTTAGCTGGTGCTTCTTCAATTATGGGTGCTATTAATTTTATTAGAACAATCATTAATATACGGATGGTTGGAATAAGAATGGAACGTGTTCCTTTGTTTGTGTGGTCAGTGTTGATTACAGCTATTTTATTATTATTGTCTTTGCCGGTATTGGCTGGTGCTATTACTATATTGTTGACTGATCGTAATTTTAATACGTCTTTTTTCGACCCGGCTGGAGGGGGTGATCCGATTTTATTTCAACATTTATTT,unused26,clade07,clade10,clade13,clade15 ,clade19,clade01,clade01,clade01,clade01,clade07
Arachnida_Zotu41_P1_H04_19MMC1_S503_N703,0,0,0,0,0,0,0,0,2,0,0,0,0,183,0,0,0,0,0,0,0,0,2,0,0,0,0,0,0,10,110,Arachnida_Zotu41_P1_H04_19MMC1_S503_N703,TATGAACAATTTAAGATTTTGATTATTACCACCGTCTTTGTTTATATTGTTATTGTCTTCTATAACTGAGGTGGGTGTTGGGGCTGGTTGAACTATTTATCCCCCTTTGTCAGGTTCTTTGGGACATTCTGGAGGTGGGATGGATTTTGCTATTTTTTCTCTTCATTTAGCTGGTGCTTCTTCAATTATGGGTGCTATTAATTTTATTAGAACAATCATTAATATGCGGATGGTTGGAATAAGAATGGAACGTGTTCCTTTGTTTGTGTGGTCAGTGTTGATTACAGCTATTTTATTATTATTGTCTTTGCCGGTATTGGCTGGTGCTATTACTATATTGTTGACTGATCGTAATTTTAATACGTCTTTTTTCGACCCGGCTGGAGGGGGTGATCCGATTTTATTTCAACATTTATTT,unused42,clade07,clade10,clade13,clade15 ,clade19,clade01,clade01,clade01,clade01,clade07
Arachnida_Zotu100_P2_A01_16IZPOC1_S502_N707,0,0,0,0,0,0,0,0,0,0,0,2,0,0,20,0,0,0,12,0,0,0,0,3,0,0,0,0,0,0,65,Arachnida_Zotu100_P2_A01_16IZPOC1_S502_N707,TATAAATAATTTAAGATTTTGATTGTTACCACCGTCTTTATTATTATTATTTATTTCAAGAATAGATGAAATAGGTGTTGGGGCAGGTTGAACTGTTTATCCTCCTTTGGCTTCTTTAGAAGGTCATTCTGGAAGATCAGTAGATTTTGCAATTTTTTCTTTACATTTAGCTGGTGCTTCTTCTATTATAGGGGCTATCAATTTCATTTCTACAATTTTAAATATACGAGGATATGGGATAACAATAGAAAAGGTTCCTTTATTTGTCTGATCTGTATTAATTACTGCCGTTTTATTGTTATTATCTTTACCTGTTCTAGCAGGTGCTATTACTATACTTTTAACTGATCGAAACTTTAATACTTCATTTTTTGATCCTTCTGGAGGAGGAGATCCTGTGTTGTTTCAACATTTATTT,clade19,clade08,clade12,clade16,clade18 ,clade14,clade17,clade20,clade16,clade14,clade08
Arachnida_Zotu143_P2_A01_16IZPOC1_S502_N707,0,0,0,0,0,0,0,0,0,0,0,0,0,0,12,0,0,14,0,0,0,0,0,0,0,0,0,0,0,0,66,Arachnida_Zotu143_P2_A01_16IZPOC1_S502_N707,TATAAATAATTTAAGATTTTGATTGTTACCACCGTCTTTATTATTATTATTTATTTCAAGAATAGATGAAATAGGTGTTGGGGCAGGTTGAACTGTTTATCCTCCTTTGGCTTCTTTAGAAGGTCATTCTGGAAGATCAGTAGATTTTGCAATTTTTTCTTTACATTTAGCTGGTGCTTCTTCTATTATAGGGGCTATCAATTTCATTTCTACAATTTTAAATATACGAGGATATGGGATAACAATAGAAAAGGTTCCTTTATTTGTTTGATCTGTATTAATTACTGCCGTTTTATTGTTATTATCTTTACCTGTTCTAGCAGGTGCTATTACTATACTTTTAACTGATCGAAACTTTAATACTTCATTTTTTGATCCTTCTGGAGGAGGAGATCCTGTGTTGTTTCAACATTTATTT,clade19,clade08,clade12,clade16,clade18 ,clade14,clade17,clade20,clade16,clade14,clade08
Arachnida_Zotu186_P2_A01_16IZPOC1_S502_N707,0,0,0,0,0,0,0,0,0,0,0,0,0,0,7,0,0,12,0,0,0,0,0,0,0,0,0,0,0,0,87,Arachnida_Zotu186_P2_A01_16IZPOC1_S502_N707,TATAAATAATTTAAGATTTTGATTGTTACCACCGTCTTTATTATTATTATTTATTTCAAGAATAGATGAAATAGGTGTTGGGGCAGGTTGAACTGTTTATCCTCCTTTGGCTTCTTTAGAAGGTCATTCTGGAAGATCAGTAGATTTTGCAATTTTTTCTTTACATTTAGCTGGTGCTTCTTCTATTATAGGAGCTATCAATTTCATTTCTACAATTTTAAATATACGAGGATATGGAATAACGATAGAAAAGGTTCCTTTATTTGTTTGATCTGTATTAATTACTGCCGTTTTATTGTTATTATCTTTACCTGTTTTAGCAGGTGCTATTACTATACTTTTAACTGATCGAAACTTTAATACTTCATTTTTTGATCCTTCTGGAGGAGGAGATCCTGTGTTGTTTCAACATTTATTT,unused16,clade08,clade12,clade16,clade18 ,clade14,clade17,clade20,clade16,clade14,clade08
Arachnida_Zotu56_P1_E03_55TRE137_S505_N702,0,0,0,0,0,0,0,0,0,25,0,0,0,0,0,0,2,0,0,0,0,0,0,2,0,0,0,0,21,0,76,Arachnida_Zotu56_P1_E03_55TRE137_S505_N702,AATAAATAATCTTTCTTTTTGATTATTACCTCCTTCTTTATTTTTATTGTCTATATCTTCTATAGTAGAAATAGGGGTTGGTGCTGGGTGAACTGTTTATCCTCCTTTAGCTTCTACAGTTGGTCATATAGGAAGTTCAATGGATTTTGCTATTTTTTCTCTTCATTTAGCTGGAGCTTCTTCTATTATAGGGGCTGTGAATTTTATTTCTACTATTATTAATATACGAATATTAGGAATATCTATAGAGAAAGTTCCTCTTTTTGTTTGATCAGTACTAATTACAGCAGTATTATTACTACTTTCTTTACCTGTTTTAGCGGGTGCTATTACTATATTATTAACAGATCGAAATTTTAATACCTCTTTTTTTGATCCTGCTGGTGGAGGGGATCCAATTTTATTTCAACATTTGTTT,unused46,clade09,clade13,clade17,clade20 ,clade11,clade14,clade16,clade07,clade07,clade09
Arachnida_Zotu62_P1_E03_55TRE137_S505_N702,0,0,0,0,0,0,0,0,0,11,0,0,0,0,0,0,1,0,0,0,0,0,0,0,0,0,0,0,16,0,51,Arachnida_Zotu62_P1_E03_55TRE137_S505_N702,AATAAATAATCTTTCTTTTTGATTATTACCTCCTTCTTTATTTTTATTGTCTATATCTTCTATAGTAGAAATAGGGGTTGGTGCTGGGTGAACTGTTTATCCTCCTTTAGCTTCTACAGTTGGTCATATAGGAAGTTCAATGGATTTTGCTATTTTTTCTCTTCATTTAGCTGGAGCTTCTTCTATTATAGGGGCTGTGAATTTTATTTCTACTATTATTAATATACGAATATTAGGAATATCTATAGAGAAAGTTCCTCTTTTTGTTTGATCAGTATTAATTACAGCAGTATTATTGTTACTTTCTTTACCTGTTTTAGCAGGTGCTATTACTATATTATTAACAGATCGAAATTTTAATACCTCTTTTTTTGATCCTGCTGGTGGAGGGGATCCAATTTTATTTCAACATTTGTTT,clade16,clade09,clade13,clade17,clade20 ,clade11,clade14,clade16,clade07,clade07,clade09
Arachnida_Zotu63_P1_E03_55TRE137_S505_N702,0,0,0,0,0,0,0,0,0,8,0,0,0,0,0,0,0,0,0,0,0,0,0,0,0,0,0,0,1,0,52,Arachnida_Zotu63_P1_E03_55TRE137_S505_N702,AATAAATAATCTTTCTTTTTGATTATTACCTCCTTCTTTATTTTTATTGTCTATATCTTCTATAGTAGAAATAGGGGTTGGTGCTGGGTGAACTGTTTATCCTCCTTTAGCTTCTACAGTTGGTCATATAGGAAGTTCAATGGATTTTGCTATTTTTTCTCTTCATTTAGCTGGAGCTTCTTCTATTATAGGGGCTGTGAATTTTATTTCTACTATTATTAATATACGAATATTAGGAATATCTATAGAGAAAGTTCCTCTTTTTGTTTGATCAGTATTAATTACAGCAGTATTATTGCTACTTTCTTTACCTGTTTTAGCAGGTGCTATTACTATATTATTAACAGATCGAAATTTTAATACCTCTTTTTTTGATCCTGCTGGTGGAGGAGATCCAATTTTATTTCAACATTTGTTT,clade16,clade09,clade13,clade17,clade20 ,clade11,clade14,clade16,clade07,clade07,clade09
Arachnida_Zotu77_P1_E03_55TRE137_S505_N702,0,0,0,0,0,0,0,0,0,4,0,0,0,0,0,0,0,0,0,0,0,0,0,0,0,0,0,0,2,0,53,Arachnida_Zotu77_P1_E03_55TRE137_S505_N702,AATAAATAATCTTTCTTTTTGATTATTACCTCCTTCTTTATTTTTATTATCTATATCTTCTATAGTAGAAATAGGGGTTGGTGCTGGGTGAACTGTTTATCCTCCTTTAGCTTCTACAGTTGGTCATATAGGAAGTTCAATGGATTTTGCTATTTTTTCTCTTCATTTAGCTGGAGCTTCTTCTATTATAGGGGCTGTGAATTTTATTTCTACTATTATTAATATGCGAATATTAGGAATATCTATAGAGAAAGTTCCTCTTTTTGTTTGATCAGTATTAATTACAGCAGTATTATTGCTACTTTCTTTACCTGTTTTAGCAGGTGCTATTACTATATTATTAACAGATCGAAATTTTAATACCTCTTTTTTTGATCCTGCTGGTGGAGGAGATCCAATTTTATTTCAACATTTGTTT,clade16,clade09,clade13,clade17,clade20 ,clade11,clade14,clade16,clade07,clade07,clade09
Arachnida_Zotu31_P1_C11_7IZPOC1W_S506_N706,0,0,0,0,0,24,0,0,0,0,0,0,0,0,0,0,0,0,0,0,0,0,0,0,0,0,0,0,0,0,22,Arachnida_Zotu31_P1_C11_7IZPOC1W_S506_N706,AATAAATAATTTAAGTTTTTGATTATTACCTCCTTCTTTATTTTTATTATTTATTTCTTCTATAGTTGAAATAGGAGTAGGAAGTGGATGAACTATTTATCCTCCATTATCTTCTTTAGAAGGACATGGTGGAAGATCTGTAGATTTTGCAATTTTTTCTCTTCATTTAGCTGGAGCTTCTTCTATTATAGGAGCAGTAAATTTTATTTCTACTGTATTAAATATACGTTTATATGGAATAAGTATAGAAAAAGTTTCTTTATTTGTATGATCTGTATTAATTACTGCTGTGTTATTATTATTATCATTACCTGTATTAGCAGGTGCTATTACAATATTATTAACTGATCGAAATTTTAATACTTCTTTTTTTGATCCGGCTGGAGGAGGGGATCCAATTTTATTTCAACATTTATTT,clade07,clade10,clade14,clade18,clade19 ,clade15,clade18,clade09,clade11,clade12,clade10
Arachnida_Zotu34_P1_C11_7IZPOC1W_S506_N706,0,0,0,0,0,20,0,0,0,0,0,0,0,0,0,0,0,0,0,0,0,0,0,0,0,0,0,0,0,0,24,Arachnida_Zotu34_P1_C11_7IZPOC1W_S506_N706,AATAAATAATTTAAGTTTTTGATTATTACCTCCTTCTTTATTTTTATTATTTATTTCTTCTATAGTTGAAATAGGAGTAGGAAGTGGATGAACTATTTATCCTCCATTATCTTCTTTAGAAGGACATGGTGGAAGATCTGTAGATTTTGCAATTTTTTCTCTTCATTTAGCTGGAGCTTCTTCTATTATAGGAGCAGTAAATTTTATTTCTACTGTATTAAATATACGTTTATATGGAATAAGTATAGAAAAAGTTTCTTTATTTGTATGATCTGTATTAATTACTGCTGTGCTATTATTATTATCATTACCTGTATTAGCAGGAGCTATTACAATATTATTAACTGATCGAAATTTTAATACTTCTTTTTTTGATCCGGCTGGAGGAGGGGATCCAATTTTATTTCAACATTTATTT,clade07,clade10,clade14,clade18,clade19 ,clade15,clade18,clade09,clade11,clade12,clade10
Arachnida_Zotu43_P1_C11_7IZPOC1W_S506_N706,0,0,0,0,0,11,0,0,0,0,0,0,0,0,0,0,0,0,0,0,0,0,0,0,0,1,0,0,0,0,23,Arachnida_Zotu43_P1_C11_7IZPOC1W_S506_N706,AATAAATAATTTAAGTTTTTGATTATTACCTCCTTCTTTATTTTTATTATTTATTTCTTCTATAGTTGAAATAGGAGTAGGAAGTGGATGAACTATTTATCCTCCATTATCTTCTTTAGAAGGACATGGTGGAAGATCTGTAGATTTTGCAATTTTTTCTCTTCATTTAGCTGGAGCTTCTTCTATTATAGGAGCAGTAAATTTTATTTCTACTGTATTAAATATACGTTTATATGGAATAAGTATAGAAAAAGTTTCTTTATTTGTATGATCTGTATTAATTACTGCTGTATTATTATTATTATCATTACCTGTATTAGCAGGAGCTATTACAATATTATTAACTGATCGAAATTTTAATACTTCTTTTTTTGATCCGGCTGGAGGAGGGGATCCAATTTTATTTCAACATTTATTT,clade07,clade10,clade14,clade18,clade19 ,clade15,clade18,clade09,clade11,clade12,clade10
Arachnida_Zotu136_P1_G01_8IZTPOCR_S505_N701,0,0,0,0,0,0,0,0,0,0,0,0,8,0,0,0,0,0,0,1,0,0,0,0,0,0,0,0,0,0,26,Arachnida_Zotu136_P1_G01_8IZTPOCR_S505_N701,AATAAATAATTTAAGATTTTGATTATTGCCTCCTTCTTTATTTTTATTATTTATTTCTTCTATAGTTGAAATAGGAGTAGGATCTGGATGAACTGTATATCCACCACTATCTTCTTTAGAAGGACATGGTGGAAGATCTGTAGATTTTGCAATCTTTTCTCTTCATTTAGCTGGAGCTTCTTCTATTATAGGAGCAGTAAATTTTATTTCTACTGTATTAAATATACGATCATATGGAATAACTATAGAAAAGGTTTCTTTATTTGTATGGTCTGTATTAATTACTGCTGTACTATTATTATTATCATTACCTGTATTAGCAGGTGCTATTACAATATTATTAACTGATCGAAATTTTAATACTTCTTTTTTTGATCCAGCTGGAGGAGGAGATCCTATTTTATTTCAACATTTATTT,clade08,clade11,clade15,clade19,clade19 ,clade15,clade18,clade09,clade11,clade12,clade11
Arachnida_Zotu142_P1_G01_8IZTPOCR_S505_N701,0,0,0,0,0,0,0,0,0,0,0,0,7,0,0,0,0,0,0,0,0,0,0,0,0,0,0,0,0,0,28,Arachnida_Zotu142_P1_G01_8IZTPOCR_S505_N701,AATAAATAATTTAAGATTTTGATTATTGCCTCCTTCTTTATTTTTATTATTTATTTCTTCTATAGTTGAAATAGGAGTAGGATCTGGATGAACTGTATATCCACCACTATCTTCTTTAGAAGGACATGGTGGAAGATCTGTAGATTTTGCAATCTTTTCTCTTCATTTAGCTGGAGCTTCTTCTATTATAGGAGCAGTAAATTTTATTTCTACTGTACTAAATATACGATCATATGGGATAACTATAGAAAAGGTTTCTTTATTTGTATGATCTGTATTAATTACTGCTGTACTATTATTATTATCATTACCTGTATTAGCAGGTGCTATTACAATATTATTAACTGATCGAAATTTTAATACTTCTTTTTTTGATCCAGCTGGAGGAGGAGATCCTATTTTATTTCAACATTTATTT,clade08,clade11,clade15,clade19,clade19 ,clade15,clade18,clade09,clade11,clade12,clade11
Arachnida_Zotu156_P1_G01_8IZTPOCR_S505_N701,0,0,0,0,0,0,0,0,0,0,0,0,5,0,0,0,0,0,0,365,0,0,0,0,0,0,0,0,0,0,25,Arachnida_Zotu156_P1_G01_8IZTPOCR_S505_N701,AATAAATAATTTAAGATTTTGATTATTGCCTCCTTCTTTATTTTTATTATTTATTTCTTCTATAGTTGAAATAGGAGTAGGATCTGGATGAACTGTATATCCACCACTATCTTCTTTAGAAGGACATGGTGGAAGATCTGTAGATTTTGCAATCTTTTCTCTTCATTTAGCTGGAGCTTCTTCTATTATAGGAGCAGTAAATTTTATTTCTACTGTATTAAATATACGATCATATGGAATAACTATAGAAAAGGTTTCTTTATTTGTATGATCTGTATTAATTACTGCTGTACTATTATTATTATCATTACCTGTATTAGCAGGTGCTATTACAATATTATTAACTGATCGAAATTTTAATACTTCTTTTTTTGATCCAGCTGGAGGAGGAGATCCTATTTTATTTCAACATTTATTT,clade08,clade11,clade15,clade19,clade19 ,clade15,clade18,clade09,clade11,clade12,clade11
Arachnida_Zotu80_P2_D03_12MMOC3R_S504_N708,0,0,0,0,0,0,0,0,0,0,0,0,0,0,0,0,0,0,0,77,0,0,0,0,0,0,0,0,0,0,27,Arachnida_Zotu80_P2_D03_12MMOC3R_S504_N708,AATAAATAATTTAAGATTTTGATTATTGCCTCCTTCTTTATTTTTATTATTTATTTCTTCTATAGTTGAAATAGGAGTAGGATCTGGATGAACTGTATATCCACCATTATCTTCTTTAGAAGGACATGGTGGAAGATCTGTAGATTTTGCAATCTTTTCTCTTCATTTAGCTGGAGCTTCTTCTATTATAGGAGCAGTAAATTTTATTTCTACTGTACTAAATATACGATCATATGGAATAACTATAGAAAAGGTTTCTTTATTTGTATGATCTGTATTAATTACTGCTGTACTATTATTATTATCATTACCTGTATTAGCAGGTGCTATTACAATATTATTAACTGATCGAAATTTTAATACTTCTTTTTTTGATCCAGCTGGAGGAGGAGATCCTATTTTATTTCAACATTTATTT,clade08,clade11,clade15,clade19,clade19 ,clade15,clade18,clade09,clade11,clade12,clade11
Arachnida_Zotu173_P1_E02_21MMC3_S517_N701,1,0,0,0,0,0,0,0,8,0,0,0,0,0,0,0,0,0,0,0,0,0,7,2,2,0,1,0,0,0,31,Arachnida_Zotu173_P1_E02_21MMC3_S517_N701,AATAAATAATTTAAGATTTTGGCTATTACCTCCTTCTTTGTTTTTATTGTTTATTTCTAGAATAGACGAAATAGGAGTAGGAGCGGGATGAACAGTGTATCCCCCCTTAGCTTCTTTAGAGGGTCATTCTGGTAGATCAGTAGATTTTGCTATTTTTTCTTTACATTTAGCTGGTGCATCTTCAATTATAGGGGCTATTAATTTTATTTCTACAATTTTAAATATGCGAGGGTATGGAATAACAATAGAAAAAGTTCCTTTATTTGTTTGGTCTGTATTAATTACAGCTATTTTATTACTATTATCTTTACCTGTTTTGGCAGGAGCTATTACTATACTTCTAACTGATCGAAATTTTAATACATCTTTTTTTGATCCTTCAGGGGGAGGGGATCCTGTTTTATTTCAACATTTATTT,clade09,clade13,clade17,clade21,clade14 ,clade18,clade21,clade15,clade19,clade14,clade12
Arachnida_Zotu208_P2_A01_16IZPOC1_S502_N707,0,0,0,0,0,0,0,0,0,0,0,0,0,0,6,0,0,2,0,0,0,0,0,0,0,0,0,0,0,0,30,Arachnida_Zotu208_P2_A01_16IZPOC1_S502_N707,AATAAATAATTTAAGATTTTGGCTATTACCTCCTTCTTTGTTTTTATTGTTTATTTCTAGAATAGACGAAATAGGAGTAGGAGCGGGATGAACAGTGTATCCCCCCTTAGCTTCTTTAGAGGGTCATTCTGGTAGATCAGTAGATTTTGCTATTTTTTCTTTACATTTAGCTGGTGCATCTTCAATTATAGGGGCTATTAATTTTATTTCTACAATTTTAAATATGCGAGGGTATGGAATAACGATAGAAAAAGTTCCTTTATTTGTTTGATCTGTATTAATTACAGCTATTTTATTACTATTATCTTTACCTGTTTTGGCAGGAGCTATTACTATACTTCTAACTGATCGAAATTTTAATACATCTTTTTTTGATCCTTCAGGGGGAGGGGATCCTGTTTTATTTCAACATTTATTT,clade09,clade13,clade17,clade21,clade14 ,clade18,clade21,clade15,clade19,clade14,clade12
Arachnida_Zotu96_P1_C03_29TRE808_S504_N702,0,0,0,14,0,0,0,0,0,0,0,0,0,0,0,0,0,0,0,0,0,0,0,0,0,0,9,0,1,0,29,Arachnida_Zotu96_P1_C03_29TRE808_S504_N702,AATAAATAATTTAAGATTTTGGCTATTACCTCCTTCTTTGTTTTTATTGTTTATTTCTAGAATAGACGAAATAGGAGTAGGAGCGGGATGAACAGTGTATCCCCCCTTAGCTTCTTTAGAGGGTCATTCTGGTAGATCAGTAGATTTTGCTATTTTTTCTTTACATTTAGCTGGTGCATCTTCAATTATAGGGGCTATTAATTTTATTTCTACAATTTTAAATATGCGAGGGTATGGAATAACAATAGAAAAAGTTCCTTTATTTGTTTGATCTGTATTAATTACAGCTATTTTATTACTATTATCTTTACCTGTTTTGGCAGGAGCTATTACTATACTTCTAACTGATCGAAATTTTAATACATCTTTTTTTGATCCTTCAGGGGGAGGGGATCCTGTTTTATTTCAACATTTATTT,clade09,clade13,clade17,clade21,clade14 ,clade18,clade21,clade15,clade19,clade14,clade12
Arachnida_Zotu9_P1_C03_29TRE808_S504_N702,0,0,0,534,0,24,1,0,0,0,0,4,0,1,1,0,0,0,0,0,0,0,0,0,1079,0,12,0,0,0,32,Arachnida_Zotu9_P1_C03_29TRE808_S504_N702,AATAAATAATTTAAGTTTTTGATTATTACCTTCTTCTTTATTATTATTATTTATATCTTCTATAGCTGAAATAGGAGTTGGAGCAGGGTGAACAGTTTATCCTCCTTTATCTTCTAGAGTTGGTCACATAGGTAGAGCTATAGATTTTGCAATTTTTTCATTACATTTAGCTGGGGCTTCTTCTATTATAGGTGCTGTTAATTTTATTTCTACTGTAATTAATATACGTTCTGTTGGAATAACTTTCGAAAAAGTTCCTTTATTTGTTTGATCTGTTTTAATTACTGCTATTTTATTATTATTATCTCTTCCTGTATTAGCAGGAGCTATTACTATGTTATTGACAGATCGAAATTTTAATACTTCATTTTTTGATCCTGCGGGAGGGGGAGATCCTATTTTATTCCAACATTTATTT,clade10,clade14,clade18,clade15,clade17,clade21,clade08,clade08,clade10,clade10,clade13
Arachnida_Zotu48_P1_E03_55TRE137_S505_N702,0,0,0,0,0,0,0,0,0,68,0,0,0,1,0,0,91,0,0,0,0,0,0,0,0,0,0,0,0,0,33,Arachnida_Zotu48_P1_E03_55TRE137_S505_N702,AATAAATAATTTAAGTTTTTGATTATTACCTTCTTCTTTATTATTATTATTTATATCTTCTATAGCTGAAATAGGAGTTGGAGCAGGGTGAACAGTTTATCCTCCTTTATCTTCTAGAGTTGGTCACATAGGTAGAGCTATAGATTTTGCAATTTTTTCATTACATTTAGCTGGGGCTTCTTCTATTATAGGTGCTGTTAATTTTATTTCTACTGTAATTAATATACGTTCTGTTGGAATAACTTTCGAAAAAGTTCCTTTATTTGTTTGATCTGTTTTAATTACTGCTATTTTATTATTATTATCTCTTCCTGTATTAGCAGGAGCTATTACTATATTATTGACAGATCGAAATTTTAATACTTCATTTTTTGATCCTGCGGGAGGGGGAGATCCTATTTTATTCCAACATTTATTT,clade10,clade14,clade18,clade15,clade17 ,clade21,clade08,clade08,clade10,clade10,clade13
Arachnida_Zotu107_P1_D05_13SHC4C1_S505_N703,0,0,0,0,0,0,43,0,0,0,0,0,0,0,0,0,0,0,0,0,0,0,0,0,0,0,0,11,0,0,118,Arachnida_Zotu107_P1_D05_13SHC4C1_S505_N703,TATAAACAATTTAAGATTTTGGTTGTTACCCCCCTCATTATTATTATTATTTATTTCTAGTATAGATGAGATAGGGGTGGGGGCAGGATGAACTGTGTATCCACCCCTATCTTCTTTAGAGGGGCATTCTGGGAGCTCTGTAGATTTTGCTATTTTTTCTTTACATTTGGCTGGGGCGTCATCAATTATGGGGGCTATTAACTTTATTTCAACTATTTTTAATATGCGGGGGTCTGGAATGACCCTAGAAAAAGTTCCTTTATTTGTTTGATCAGTCTTAATTACAGCTGTATTATTACTATTGTCCTTGCCAGTTTTGGCAGGGGCCATTACTATGCTTTTAACAGACCGAAATTTTAATACGTCATTTTTTGACCCAGCTGGGGGGGGGGATCCCGTGTTATTTCAGCATTTGTTT,unused03,clade18,clade23,clade03,clade03 ,clade03,clade04,clade04,clade05,clade05,clade14
Arachnida_Zotu246_P2_A01_16IZPOC1_S502_N707,0,0,0,0,0,0,0,0,0,0,0,0,0,0,4,0,0,5,0,0,0,0,0,0,0,0,0,0,0,0,119,Arachnida_Zotu246_P2_A01_16IZPOC1_S502_N707,TATAAACAATTTAAGTTTTTGGCTGTTACCCCCCTCATTATTATTATTATTTATTTCTAGTATAGATGAGATAGGGGTGGGGGCAGGATGAACTGTGTACCCACCCCTATCTTCTTTAGAGGGGCATTCTGGGAGCTCTGTAGATTTTGCTATTTTTTCTTTACATTTGGCTGGGGCGTCATCAATTATGGGGGCTATTAACTTTATTTCAACTATTTTTAATATGCGGGGATCTGGAATGACCCTAGAAAAAGTTCCTTTATTTGTTTGATCAGTCTTAATTACAGCTGTATTATTACTATTGTCCTTGCCAGTTTTGGCAGGGGCTATTACTATGCTTTTAACAGACCGAAATTTTAATACGTCATTTTTTGACCCAGCTGGGGGGGGGGATCCCGTGTTATTTCAGCATTTGTTT,unused34,clade18,clade23,clade03,clade03 ,clade03,clade04,clade04,clade05,clade05,clade14
Arachnida_Zotu125_P1_G01_8IZTPOCR_S505_N701,0,0,0,0,0,0,0,0,0,0,0,0,10,0,0,0,0,0,0,0,0,0,0,0,0,0,0,0,0,0,35,Arachnida_Zotu125_P1_G01_8IZTPOCR_S505_N701,AATAAATAATTTGAGTTTTTGATTGTTACCTCCTTCTTTTTTTTTATTGTTAATTTCTTCAATAGTGGATATAGGGGTTGGGGCTGGGTGAACAGTTTATCCTCCTCTTTCATCTTTAGATGGTCATCCAGGGAGATCTATAGATTTTGCTATTTTTTCTCTTCATTTGGCGGGGGCTTCTTCTATTATAGGGGCTATTAATTTTATTTCTACTATCATAAATATACGTTCAGGCGGAATAAGAATGGAAAAAGTTCCCTTATTTGTGTGATCTGTATTTATTACTGCTGTTCTTTTATTATTATCATTACCAGTATTGGCTGGGGCTATTACTATGTTGTTGACAGATCGAAATTTTAATACTTCTTTTTTTGACCCTTCTGGTGGGGGTGATCCTGTTTTATTTCAGCATTTGTTT,clade11,clade19,clade03,clade05,clade05 ,clade05,clade06,clade06,clade08,clade08,clade15
Arachnida_Zotu167_P1_G01_8IZTPOCR_S505_N701,0,0,0,0,0,0,0,0,0,0,0,0,5,0,0,0,0,0,0,0,0,0,0,0,0,0,0,0,0,0,34,Arachnida_Zotu167_P1_G01_8IZTPOCR_S505_N701,AATAAATAATTTGAGTTTTTGATTGTTACCTCCTTCTTTTTTTTTATTGTTAATTTCTTCAATAGTGGATATAGGGGTTGGGGCTGGGTGAACAGTTTATCCTCCTCTTTCATCTTTAGATGGTCATCCAGGGAGATCTATAGATTTTGCTATTTTTTCTCTTCATTTGGCGGGGGCTTCTTCCATTATAGGGGCTATTAATTTTATTTCTACTATCATAAATATACGTTCAGGCGGAATAAGAATGGAAAAAGTTCCCTTATTTGTGTGATCTGTATTTATTACTGCTGTTCTTTTATTATTATCATTACCAGTATTGGCTGGGGCTATTACTATGTTGTTGACAGATCGAAATTTTAATACTTCTTTTTTTGACCCTTCTGGTGGGGGTGATCCTGTTTTATTTCAGCATTTGTTT,clade11,clade19,clade03,clade05,clade05 ,clade05,clade06,clade06,clade08,clade08,clade15
Arachnida_Zotu136_P1_D05_13SHC4C1_S505_N703,0,0,0,0,0,0,28,0,0,0,0,0,0,0,0,0,0,0,0,0,0,0,0,0,0,0,0,10,0,0,36,Arachnida_Zotu136_P1_D05_13SHC4C1_S505_N703,AATAAACAATTTAAGATTTTGGCTGCTCCCCCCTTCTTTATTATTATTATTTATTTCTAGAATGGATGAAATAGGGGTTGGGGCAGGATGGACAGTGTATCCTCCTCTTGCATCTTTAGATGGGCATTCTGGAAGTTCTGTAGATTTTGCAATTTTTTCTTTACATTTAGCTGGAGCATCTTCTATTATAGGAGCAATTAATTTTATTTCTACTATTTTAAATATGCGAGGTTATGGGATAAGAATAGAAAAAGTTCCTTTATTTGTGTGATCTGTATTAATTACTGCTGTTTTATTATTATTATCTTTACCAGTTTTAGCAGGAGCTATTACAATATTATTAACTGATCGTAATTTTAATACATCATTTTTTGATCCTTCTGGAGGAGGAGATCCTGTATTGTTTCAACATTTATTT,clade12,clade20,clade11,clade14,clade16 ,clade20,clade09,clade10,clade12,clade15,clade16
Arachnida_Zotu81_P1_D05_13SHC4C1_S505_N703,0,0,0,0,0,0,67,0,0,0,0,0,0,0,0,0,0,0,0,0,0,0,0,0,0,0,0,30,0,0,37,Arachnida_Zotu81_P1_D05_13SHC4C1_S505_N703,AATAAACAATTTAAGATTTTGGCTGCTTCCCCCTTCTTTATTATTATTATTTATTTCTAGAATGGATGAAATAGGGGTTGGGGCAGGATGGACAGTGTATCCTCCTCTTGCATCTTTAGATGGGCATTCTGGAAGTTCTGTAGATTTTGCAATTTTTTCTTTACATTTAGCTGGAGCATCTTCTATTATAGGAGCAATTAATTTTATTTCTACTATTTTAAATATGCGAGGTTATGGGATAAGAATAGAAAAAGTTCCTTTATTTGTGTGATCTGTATTAATTACTGCTGTTTTATTATTATTATCTTTACCAGTTTTAGCAGGAGCTATTACAATATTATTAACTGATCGTAATTTTAATACATCATTTTTTGATCCTTCTGGAGGAGGAGATCCTGTATTGTTTCAACATTTATTT,clade12,clade20,clade11,clade14,clade16 ,clade20,clade09,clade10,clade12,clade15,clade16
Arachnida_Zotu41_P1_D10_4SHC5C2R_S502_N706,0,0,0,0,0,0,0,85,0,0,0,0,69,0,0,0,0,0,0,75,0,0,0,0,0,0,0,0,0,0,56,Arachnida_Zotu41_P1_D10_4SHC5C2R_S502_N706,TATAAATAATTTAAGTTTTTGGTTATTGCCTCCCTCTTTACTTATGTTATTTATTTCATCTATAGTTGAGATGGGAGTAGGGTCAGGATGGACAGTGTATCCTCCTTTGGCTTCTCTAGAAGGACATTCAGGGTCATCTGTGGATTTTGCTATTTTTTCTTTACATTTAGCTGGGGCATCTTCTATTATAGGGGCAATTAATTTTATTTCAACTATTTTAAATATGCGGGTATACGGAGTTAGTTTAGAAAAAATACCTTTATTTGTTTGATCAGTATTAATTACTGCTGTCCTTTTATTATTATCTTTACCTGTTTTAGCAGGTGCTATTACTATATTATTAACTGATCGAAATTTTAATACTTCTTTTTTTGACCCTGCAGGGGGGGGAGATCCGGTTTTGTTTCAACATTTATTT,clade18,clade22,clade02,clade04,clade04 ,clade04,clade05,clade05,clade06,clade06,clade17
Arachnida_Zotu43_P1_D10_4SHC5C2R_S502_N706,0,0,0,0,0,0,0,73,0,0,0,0,45,0,0,0,0,0,0,111,0,0,0,0,0,0,0,0,0,0,54,Arachnida_Zotu43_P1_D10_4SHC5C2R_S502_N706,TATAAATAATTTAAGTTTTTGGTTATTGCCTCCCTCTTTACTTATGTTATTTATTTCATCTATAGTTGAGATGGGAGTAGGGTCAGGATGGACAGTGTATCCTCCCTTGGCTTCTCTAGAAGGACATTCAGGGTCATCTGTGGATTTTGCTATTTTTTCTTTACATTTAGCTGGGGCATCTTCTATTATAGGGGCAATTAATTTTATTTCAACTATTTTAAATATACGGGTATACGGAGTTAGTTTAGAAAAAATACCTTTATTTGTTTGATCAGTATTAATTACTGCTGTCCTTTTATTATTATCTTTACCTGTTTTAGCAGGTGCTATTACTATATTATTAACTGATCGAAATTTTAATACTTCTTTTTTTGATCCTGCAGGGGGGGGAGATCCGGTTTTGTTTCAACATTTATTT,clade17,clade22,clade02,clade04,clade04 ,clade04,clade05,clade05,clade06,clade06,clade17
Arachnida_Zotu47_P1_D10_4SHC5C2R_S502_N706,0,0,0,0,0,0,0,45,0,0,0,0,63,0,0,0,0,0,0,0,0,0,0,0,0,0,0,0,0,0,62,Arachnida_Zotu47_P1_D10_4SHC5C2R_S502_N706,TATAAATAACTTAAGTTTTTGGTTATTGCCTCCCTCTTTACTTATGTTATTTATTTCATCTATAGTTGAGATGGGAGTAGGGTCAGGATGGACAGTGTATCCTCCCTTGGCTTCTCTAGAAGGACATTCAGGGTCATCTGTGGATTTTGCTATTTTTTCTTTACATTTAGCTGGGGCATCTTCTATTATAGGGGCAATTAATTTTATTTCAACTATTTTAAATATGCGGGTATACGGAGTTAGTTTAGAAAAAATACCTTTATTTGTTTGATCAGTATTAATTACTGCTGTCCTTTTATTATTATCTTTACCTGTTTTAGCAGGTGCTATTACTATATTATTAACTGATCGGAATTTTAATACTTCTTTTTTTGACCCTGCAGGGGGGGGAGATCCGGTTTTGTTTCAACATTTATTT,clade18,clade22,clade02,clade04,clade04 ,clade04,clade05,clade05,clade06,clade06,clade17
Arachnida_Zotu47_P1_G01_8IZTPOCR_S505_N701,0,0,0,0,0,0,0,0,0,0,0,0,50,0,0,0,0,0,0,123,0,0,0,0,0,0,0,0,0,0,60,Arachnida_Zotu47_P1_G01_8IZTPOCR_S505_N701,TATAAATAACTTAAGTTTTTGGTTATTGCCTCCCTCTTTACTTATGTTATTTATTTCATCTATAGTTGAGATGGGAGTAGGGTCAGGATGGACAGTGTATCCTCCCTTGGCTTCTCTAGAAGGACATTCAGGATCATCTGTGGATTTTGCTATTTTTTCTTTACATTTAGCTGGGGCATCTTCTATTATAGGGGCAATTAATTTTATTTCAACTATTTTAAATATGCGGGTATACGGAGTTAGTTTAGAAAAAATACCTTTATTTGTTTGATCAGTATTAATTACTGCTGTCCTTTTATTATTATCTTTACCTGTTTTAGCAGGTGCTATTACTATATTATTAACTGATCGAAATTTTAATACTTCTTTTTTTGACCCTGCAGGGGGGGGAGATCCGGTTTTGTTTCAACATTTATTT,clade18,clade22,clade02,clade04,clade04 ,clade04,clade05,clade05,clade06,clade06,clade17
Arachnida_Zotu55_P2_D03_12MMOC3R_S504_N708,0,0,0,0,0,0,0,0,0,0,0,0,0,0,0,0,0,0,0,152,0,0,0,0,0,0,0,0,0,0,61,Arachnida_Zotu55_P2_D03_12MMOC3R_S504_N708,TATAAATAACTTAAGTTTTTGGTTATTGCCTCCCTCTTTACTTATGTTATTTATTTCATCTATAGTTGAGATGGGAGTAGGGTCAGGATGGACAGTGTATCCTCCCTTGGCTTCTCTAGAAGGACATTCAGGATCATCTGTGGATTTTGCTATTTTTTCTTTACATTTAGCTGGGGTATCTTCTATTATAGGGGCAATTAATTTTATTTCAACTATTTTAAATATGCGGGTATACGGAGTTAGTTTAGAAAAAATACCTTTATTTGTTTGATCAGTATTAATTACTGCTGTCCTTTTATTATTATCTTTACCTGTTTTAGCAGGTGCTATTACTATATTATTAACTGATCGAAATTTTAATACTTCTTTTTTTGACCCTGCAGGGGGGGGAGATCCGGTTTTGTTTCAACATTTATTT,clade18,clade22,clade02,clade04,clade04 ,clade04,clade05,clade05,clade06,clade06,clade17
Arachnida_Zotu61_P1_G01_8IZTPOCR_S505_N701,0,0,0,0,0,0,0,0,0,0,0,0,35,0,0,0,0,0,0,0,0,0,0,0,0,0,0,0,0,0,58,Arachnida_Zotu61_P1_G01_8IZTPOCR_S505_N701,TATAAATAACTTAAGTTTTTGGTTATTGCCTCCCTCTTTACTTATGTTATTTATTTCATCTATAGTTGAGATGGGAGTAGGGTCAGGATGGACAGTGTATCCTCCCTTGGCTTCTCTAGAAGGACATTCAGGGTCATCTGTGGATTTTGCTATTTTTTCTTTACATTTAGCTGGGGCATCTTCTATTATAGGGGCAATTAATTTTATTTCAACTATTTTAAATATGCGGGTATACGGAGTTAGTTTAGAAAAAATACCTTTATTTGTTTGATCAGTATTAATTACTGCTGTCCTTTTATTATTATCTTTACCTGTTTTAGCAGGTGCTATTACTATATTATTAACTGATCGAAATTTTAATACTTCTTTTTTTGACCCTGCAGGGGGGGGAGATCCGGTTTTGTTTCAACATTTATTT,clade18,clade22,clade02,clade04,clade04 ,clade04,clade05,clade05,clade06,clade06,clade17
Arachnida_Zotu72_P1_G01_8IZTPOCR_S505_N701,0,0,0,0,0,0,0,0,0,0,0,0,27,0,0,0,0,0,0,0,0,0,0,0,0,0,0,0,0,0,59,Arachnida_Zotu72_P1_G01_8IZTPOCR_S505_N701,TATAAATAACTTAAGTTTTTGGTTATTGCCTCCCTCTTTACTTATGTTATTTATTTCATCTATAGTTGAGATGGGAGTAGGGTCAGGATGGACAGTGTATCCTCCCTTGGCTTCTCTAGAAGGACATTCAGGGTCATCTGTGGATTTTGCTATTTTTTCTTTACATTTAGCTGGGGCATCTTCTATTATAGGGGCAATTAATTTTATTTCAACTATTTTAAATATGCGGGTATACGGAGTTAGTTTAGAAAAAATACCTTTATTTGTTTGATCAGTATTAATTACTGCTGTCCTTTTATTGTTATCTTTACCTGTTTTAGCAGGTGCTATTACTATATTATTAACTGATCGAAATTTTAATACTTCTTTTTTTGACCCTGCAGGGGGGGGAGATCCGGTTTTGTTTCAACATTTATTT,clade18,clade22,clade02,clade04,clade04 ,clade04,clade05,clade05,clade06,clade06,clade17
Arachnida_Zotu72_P2_D03_12MMOC3R_S504_N708,0,0,0,0,0,0,0,0,0,0,0,0,0,0,0,0,0,0,0,87,0,0,0,0,0,0,0,0,0,0,64,Arachnida_Zotu72_P2_D03_12MMOC3R_S504_N708,TATAAATAACTTAAGTTTTTGGTTATTGCCTCCCTCTTTACTTATGTTATTTATTTCATCTATAGTTGAGATGGGAGTAGGGTCAGGATGGACAGTGTATCCTCCCTTGGCTTCTCTAGAAGGACATTCAGGGTCATCTGTGGATTTTGCTATTTTTTCTTTACATTTAGCTGGGGCATCTTCTATTATAGGGGCAATTAATTTTATTTCAACTATTTTAAATATGCGGGTATACGGAGTTAGTTTAGAAAAAATACCTTTATTTGTTTGATCAGTATTAATTACTGCTGTCCTTTTATTATTATCTTTACCTGTTTTAGCAGGTGCTATTACTATATTATTAACTGATCGGAATTTTAATACTTCTTTTTTTGACCCTGCAGGGGGGGGTGATCCGGTTTTGTTTCAACATTTATTT,clade18,clade22,clade02,clade04,clade04 ,clade04,clade05,clade05,clade06,clade06,clade17
Arachnida_Zotu73_P1_G01_8IZTPOCR_S505_N701,0,0,0,0,0,0,0,0,0,0,0,0,27,0,0,0,0,0,0,0,0,0,0,0,0,0,0,0,0,0,63,Arachnida_Zotu73_P1_G01_8IZTPOCR_S505_N701,TATAAATAACTTAAGTTTTTGGTTATTGCCTCCCTCTTTACTTATGTTATTTATTTCATCTATAGTTGAGATGGGAGTAGGGTCAGGATGGACAGTGTATCCTCCCTTGGCTTCTCTAGAAGGACATTCAGGTTCATCTGTGGATTTTGCTATTTTTTCTTTACATTTAGCTGGGGCATCTTCTATTATAGGGGCAATTAATTTTATTTCAACTATTTTAAATATGCGGGTATACGGAGTTAGTTTAGAAAAAATACCTTTATTTGTTTGATCAGTATTAATTACTGCTGTCCTTTTATTATTATCTTTACCTGTTTTAGCAGGTGCTATTACTATATTATTAACTGATCGGAATTTTAATACTTCTTTTTTTGACCCTGCAGGGGGGGGAGATCCGGTTTTGTTTCAACATTTATTT,clade18,clade22,clade02,clade04,clade04 ,clade04,clade05,clade05,clade06,clade06,clade17
Arachnida_Zotu87_P1_G01_8IZTPOCR_S505_N701,0,0,0,0,0,0,0,0,0,0,0,0,23,0,0,0,0,0,0,0,0,0,0,0,0,0,0,0,0,0,55,Arachnida_Zotu87_P1_G01_8IZTPOCR_S505_N701,TATAAATAATTTAAGTTTTTGGTTATTGCCTCCCTCTTTACTTATGTTATTTATTTCATCTATAGTTGAGATGGGAGTAGGGTCAGGATGGACAGTGTATCCTCCCTTGGCTTCTCTAGAAGGACATTCAGGGTCATCTGTGGATTTTGCTATTTTTTCTTTACATTTAGCTGGGGCATCTTCTATTATAGGGGCAATTAATTTTATTTCAACTATTTTAAATATACGGGTATACGGAGTTAGTTTAGAAAAAATACCTTTATTTGTTTGATCAGTATTAATTACTGCTGTCCTTTTATTATTATCTTTACCTGTTTTAGCAGGTGCTATTACTATATTATTAACTGACCGAAATTTTAATACTTCTTTTTTTGATCCTGCAGGGGGGGGAGATCCGGTTTTGTTTCAACATTTATTT,clade17,clade22,clade02,clade04,clade04 ,clade04,clade05,clade05,clade06,clade06,clade17
Arachnida_Zotu90_P1_G01_8IZTPOCR_S505_N701,0,0,0,0,0,0,0,0,0,0,0,0,21,0,0,0,0,0,0,64,0,0,0,0,0,0,0,0,0,0,57,Arachnida_Zotu90_P1_G01_8IZTPOCR_S505_N701,TATAAATAACTTAAGTTTTTGGTTATTGCCTCCCTCTTTACTTATGTTATTTATTTCATCTATAGTTGAGATGGGAGTAGGGTCAGGATGGACAGTATATCCTCCCTTGGCTTCTCTAGAAGGACATTCAGGGTCATCTGTGGATTTTGCTATTTTTTCTTTACATTTAGCTGGGGCATCTTCTATTATAGGGGCAATTAATTTTATTTCAACTATTTTAAATATGCGGGTATACGGAGTTAGTTTAGAAAAAATACCTTTATTTGTTTGATCAGTATTAATTACTGCTGTCCTTTTATTATTATCTTTACCTGTTTTAGCAGGTGCTATTACTATATTATTAACTGATCGAAATTTTAATACTTCTTTTTTTGACCCTGCAGGGGGGGGAGATCCGGTTTTGTTTCAACATTTATTT,clade18,clade22,clade02,clade04,clade04 ,clade04,clade05,clade05,clade06,clade06,clade17
Arachnida_Zotu131_P2_E05_41TDIST2b_S502_N710,0,0,0,0,0,0,0,0,0,0,0,3,0,0,0,0,1,0,0,0,0,0,0,12,0,0,0,0,1,0,68,Arachnida_Zotu131_P2_E05_41TDIST2b_S502_N710,TATGAATAATTTGAGATTTTGGTTATTACCCCCTTCTTTATTACTATTATTTATTTCTAGAATGGATGAAATAGGAGTGGGTGCAGGTTGAACTATTTATCCTCCTCTTGCTTCTTTGGATGGTCATTCTGGTAGATCAGTGGATTTTGCTATTTTTTCTTTACATTTGGCAGGAGCTTCTTCTATTATAGGAGCTATTAATTTTATTTCTACTATTATTAATATACGAGGATATGGAATATCTATAGAGAAAGTTCCTTTGTTTGTTTGATCTGTTTTAATTACAGCTGTATTATTACTATTATCTTTACCTGTGTTAGCAGGTGCTATTACTATACTTTTAACGGATCGAAACTTTAATACATCATTTTTTGATCCATCTGGAGGAGGAGATCCTATTTTATTTCAACATTTATTT,clade20,clade23,clade06,clade09,clade09 ,clade09,clade12,clade13,clade15,clade14,clade18
Arachnida_Zotu183_P1_F08_41TDIST2_S503_N705,0,0,0,0,0,0,0,0,0,0,0,4,0,0,0,0,0,0,0,0,0,0,0,0,0,0,0,0,0,0,70,Arachnida_Zotu183_P1_F08_41TDIST2_S503_N705,TATGAATAATTTGAGATTTTGGTTATTACCCCCTTCTTTGTTACTATTATTTATTTCTAGAATGGATGAAATAGGAGTGGGTGCAGGTTGAACTATTTATCCTCCTCTTGCTTCTTTGGATGGTCATTCTGGTAGATCAGTGGATTTTGCTATTTTTTCTTTACATTTGGCAGGAGCTTCTTCTATTATAGGAGCTATTAATTTTATTTCTACTATTATTAATATACGAGGATATGGAATATCTATAGAGAAAGTTCCTTTGTTTGTTTGATCTGTTTTAATTACAGCTGTATTATTACTATTATCTTTACCTGTGTTAGCAGGTGCTATTACTATACTTTTAACGGATCGAAACTTTAATACATCATTTTTTGACCCATCTGGAGGAGGAGATCCTATTTTATTTCAACATTTATTT,clade20,clade23,clade06,clade09,clade09 ,clade09,clade12,clade13,clade15,clade14,clade18
Arachnida_Zotu24_P1_E03_55TRE137_S505_N702,0,0,0,0,0,0,0,0,0,310,0,0,0,0,0,0,0,0,0,0,0,0,0,0,0,0,0,0,370,0,69,Arachnida_Zotu24_P1_E03_55TRE137_S505_N702,TATGAATAATTTGAGATTTTGGTTATTACCTCCTTCTTTATTACTATTATTTATTTCTAGAATGGATGAAATAGGAGTGGGTGCAGGTTGAACTATTTATCCTCCTCTTGCTTCTTTGGATGGTCATTCTGGTAGATCAGTGGATTTTGCTATTTTTTCTTTACATTTGGCAGGAGCTTCTTCTATTATAGGAGCTATTAATTTTATTTCTACTATTATTAATATACGAGGATATGGAATATCTATAGAGAAAGTTCCTTTGTTTGTTTGATCTGTTTTAATTACAGCTGTATTATTACTATTATCTTTACCTGTGTTAGCAGGTGCTATTACTATACTTTTAACGGATCGAAACTTTAATACATCATTTTTTGATCCATCTGGAGGAGGAGATCCTATTTTATTTCAACATTTATTT,clade20,clade23,clade06,clade09,clade09 ,clade09,clade12,clade13,clade15,clade14,clade18
Arachnida_Zotu36_P1_E03_55TRE137_S505_N702,0,0,0,0,0,0,0,0,0,145,0,2,0,0,0,0,154,0,0,0,0,0,0,4,0,0,0,0,0,0,67,Arachnida_Zotu36_P1_E03_55TRE137_S505_N702,TATAAATAATTTGAGATTTTGGTTATTACCCCCTTCTTTATTACTATTATTTATTTCTAGAATGGATGAAATAGGAGTGGGTGCAGGTTGAACTATTTATCCTCCTCTTGCTTCTTTGGATGGTCATTCTGGTAGATCAGTGGATTTTGCTATTTTTTCTTTACATTTGGCAGGAGCTTCTTCTATTATAGGAGCTATTAATTTTATTTCTACTATTATTAATATACGAGGATATGGAATATCTATAGAGAAAGTTCCTTTGTTTGTTTGATCTGTTTTAATTACAGCTGTATTATTACTATTATCTTTACCTGTGTTAGCAGGTGCTATTACTATACTTTTAACGGATCGAAACTTTAATACATCATTTTTTGATCCATCTGGAGGAGGAGATCCTATTTTATTTCAACATTTATTT,clade20,clade23,clade06,clade09,clade09 ,clade09,clade12,clade13,clade15,clade14,clade18
Arachnida_Zotu45_P1_E03_55TRE137_S505_N702,0,0,0,0,0,0,0,0,0,102,0,0,0,0,0,0,135,0,0,0,0,0,0,1,0,0,0,0,0,0,85,Arachnida_Zotu45_P1_E03_55TRE137_S505_N702,TATGAATAATTTGAGATTTTGGTTATTACCCCCTTCTTTATTACTATTATTTATTTCTAGAATGGATGAAATAGGAGTGGGCGCAGGTTGAACTATTTATCCTCCTCTTGCTTCTTTGGATGGTCATTCTGGTAGATCAGTGGATTTTGCTATTTTTTCTTTACATTTGGCAGGAGCTTCTTCTATTATAGGAGCTATTAATTTTATTTCTACTATTATTAATATACGAGGATATGGAATATCTATAGAGAAAGTTCCTTTGTTTGTTTGATCTGTTTTAATTACAGCTGTATTATTACTATTATCTTTACCTGTGTTAGCGGGTGCTATTACTATACTTTTAACGGATCGAAACTTTAATACATCATTTTTTGACCCATCTGGAGGAGGGGATCCTATTTTATTTCAACATTTATTT,unused43,clade23,clade06,clade09,clade09 ,clade09,clade12,clade13,clade15,clade14,clade18
Arachnida_Zotu120_P2_G03_2SHCN5C2J_S506_N708,0,0,0,0,0,0,0,0,0,0,0,0,0,0,0,0,0,0,0,0,0,0,0,0,0,11,0,0,0,0,40,Arachnida_Zotu120_P2_G03_2SHCN5C2J_S506_N708,AATGAATAATTTAAGTTTTTGATTATTACCTTCTTCTTTATTATTGTTATTTATATCTTCTATGGCTGAGATAGGAGTTGGAGCAGGGTGAACAGTTTATCCTCCTTTATCTTCTAGAATTGGACATATAGGGAGAGCTATAGATTTTGCAATTTTTTCATTACATTTAGCTGGGGCTTCTTCTATTATAGGTGCTGTTAATTTTATTTCTACTGTAATTAATATACGTTCTGTTGGAATAGCTTTCGAAAAAGTTCCTTTATTTGTTTGATCTGTTTTAATTACTGCTATTTTATTATTGTTATCTCTTCCTGTATTAGCAGGAGCTATTACTATATTATTAACAGACCGAAATTTTAATACTTCATTTTTTGATCCTGCAGGAGGAGGAGATCCTATTTTATTTCAACATTTATTT,clade13,clade15,clade19,clade15,clade17 ,clade21,clade08,clade08,clade10,clade10,clade19
Arachnida_Zotu21_P2_A03_11MMOC3W_S502_N708,0,0,0,0,0,0,0,0,0,0,0,0,0,0,0,21,0,0,0,0,0,0,0,0,0,0,0,0,0,0,39,Arachnida_Zotu21_P2_A03_11MMOC3W_S502_N708,AATGAATAATTTAAGTTTTTGATTATTACCTTCTTCTTTATTATTGTTATTTATATCTTCTATGGCTGAAATAGGAGTTGGAGCAGGGTGAACAGTTTATCCTCCTTTATCTTCTAGAATTGGACATATAGGGAGAGCTATAGATTTTGCAATTTTTTCATTACATTTAGCTGGGGCTTCTTCTATTATAGGTGCTGTTAATTTTATTTCTACTGTAATTAATATACGTTCTGTTGGAATAACTTTCGAAAAAGTTCCTTTATTTGTTTGATCTGTTTTAATTACTGCTATTTTATTATTGTTATCTCTTCCTGTATTAGCAGGAGCTATTACTATATTATTAACAGACCGAAATTTTAATACTTCATTTTTTGATCCTGCAGGAGGAGGAGATCCTATTTTATTTCAACATTTATTT,clade13,clade15,clade19,clade15,clade17 ,clade21,clade08,clade08,clade10,clade10,clade19
Arachnida_Zotu76_P1_E02_21MMC3_S517_N701,0,0,0,0,0,0,0,0,36,0,0,0,0,0,0,0,0,0,0,0,19,0,19,0,0,0,0,0,0,0,38,Arachnida_Zotu76_P1_E02_21MMC3_S517_N701,AATGAATAATTTAAGTTTTTGATTATTACCTTCTTCTTTATTATTGTTATTTATATCTTCTATGGCTGAAATAGGAGTTGGAGCAGGGTGAACAGTTTATCCTCCTTTATCTTCTAGAATTGGACATATAGGGAGAGCTATAGATTTTGCAATTTTTTCATTACATTTAGCTGGGGCTTCTTCTATTATAGGTGCTGTTAATTTTATTTCTACTGTAATTAATATACGTTCTGTTGGAATAACTTTCGAAAAAGTTCCTTTATTTGTTTGATCTGTTTTAATTACTGCTATTTTATTATTATTATCTCTTCCTGTATTAGCAGGAGCTATTACTATATTATTAACAGACCGAAATTTTAATACTTCATTTTTTGATCCTGCAGGAGGAGGAGATCCTATTTTATTTCAACATTTATTT,clade13,clade15,clade19,clade15,clade17 ,clade21,clade08,clade08,clade10,clade10,clade19
Arachnida_Zotu35_P2_D03_12MMOC3R_S504_N708,0,0,0,0,0,0,0,0,0,0,0,0,0,0,0,0,0,0,0,325,0,0,0,0,0,0,0,0,0,0,41,Arachnida_Zotu35_P2_D03_12MMOC3R_S504_N708,GATGAATAATTTAAGATTTTGGTTACTCCCCCCTTCCCTTTTTATATTGTTTATCTCATCTATAGTAGATGTCGGAGTAGGGGCGGGGTGGACTGTGTATCCCCCTCTTGCTTCTTTAGACGGGCATCCTGGGAGATCCGTGGATTTTGCAATTTTTTCTCTTCATCTAGCAGGGGCTTCTTCTATTATAGGGGCGATTAATTTTATTTCTACGATTATTAATATACGGATAAGAGGGGTTACTATGGAAAAAGTCCCTCTTTTTGTGTGATCAGTACTAATTACTGCTGTTTTATTATTATTATCTTTACCTGTTCTTGCAGGGGCTATTACTATACTGCTTACGGATCGAAATTTTAATACGTCTTTTTTCGACCCTTCAGGGGGAGGAGACCCGGTATTGTTTCAACATTTATTT,clade14,clade21,clade21,clade01,clade01 ,clade01,clade02,clade02,clade02,clade02,clade20
Arachnida_Zotu45_P1_D10_4SHC5C2R_S502_N706,0,0,0,0,0,0,0,57,0,0,0,0,0,0,0,0,0,0,0,0,0,0,0,0,0,0,0,0,0,0,42,Arachnida_Zotu45_P1_D10_4SHC5C2R_S502_N706,GATGAATAATTTAAGATTTTGGTTACTCCCCCCTTCCCTTTTTATATTGTTTATCTCATCTATAGTAGATGTCGGAGTAGGGGCGGGGTGGACTGTGTATCCCCCTCTTGCTTCTTTAGACGGGCATCCTGGGAGATCCGTGGATTTTGCAATTTTTTCTCTTCATCTAGCAGGGGCTTCTTCTATTATAGGGGCGATTAATTTTATTTCTACGATTATCAATATACGGATAAGAGGGGTTACTATGGAAAAAGTCCCTCTTTTTGTGTGATCAGTACTAATTACTGCTGTTTTATTATTATTATCTTTACCTGTTCTTGCAGGGGCTATTACTATACTGCTTACGGATCGAAATTTTAATACGTCTTTTTTCGACCCTTCAGGGGGAGGAGACCCGGTATTGTTTCAACATTTATTT,clade14,clade21,clade21,clade01,clade01 ,clade01,clade02,clade02,clade02,clade02,clade20
Arachnida_Zotu57_P2_D03_12MMOC3R_S504_N708,0,0,0,0,0,0,0,0,0,0,0,0,0,0,0,0,0,0,0,142,0,0,0,0,0,0,0,0,0,0,45,Arachnida_Zotu57_P2_D03_12MMOC3R_S504_N708,GATGAATAATTTAAGATTTTGGTTACTCCCCCCTTCCCTTTTTATATTGTTTATCTCATCTATAGTAGATGTCGGAGTAGGGGCGGGGTGGACTGTGTATCCCCCTCTTGCTTCTTTAGACGGGCATCCTGGGAGATCCGTGGATTTTGCAATTTTTTCTCTTCATCTAGCAGGGGCTTCTTCTATTATAGGGGCGATTAATTTTATTTCTACGATTATTAATATACGGATAAGAGGGGTTACTATGGAAAAAGTTCCTCTTTTTGTGTGATCAGTACTAATTACTGCTGTTTTATTATTATTATCTTTACCTGTTCTTGCAGGGGCTATTACTATACTGCTTACGGATCGAAATTTTAATACGTCTTTTTTCGACCCCTCAGGGGGAGGAGACCCGGTATTGTTTCAACATTTATTT,clade14,clade21,clade21,clade01,clade01 ,clade01,clade02,clade02,clade02,clade02,clade20
Arachnida_Zotu62_P2_D03_12MMOC3R_S504_N708,0,0,0,0,0,0,0,0,0,0,0,0,0,0,0,0,0,0,0,122,0,0,0,0,0,0,0,0,0,0,44,Arachnida_Zotu62_P2_D03_12MMOC3R_S504_N708,GATGAATAATTTAAGATTTTGGTTACTCCCCCCTTCCCTTTTTATATTGTTTATCTCATCTATAGTAGATGTCGGAGTAGGGGCGGGGTGGACTGTGTATCCCCCTCTTGCTTCTTTAGACGGGCATCCTGGGAGATCCGTGGATTTTGCAATTTTTTCTCTTCATCTAGCAGGGGCTTCTTCTATTATAGGGGCGATTAATTTTATTTCTACAATTATTAATATACGGATAAGAGGGGTTACTATAGAAAAAGTCCCTCTTTTTGTGTGATCAGTACTAATTACTGCTGTTTTATTATTATTATCTTTACCTGTTCTTGCAGGGGCTATTACTATACTGCTTACGGATCGAAATTTTAATACGTCTTTTTTCGACCCTTCAGGGGGAGGAGACCCGGTATTGTTTCAACATTTATTT,clade14,clade21,clade21,clade01,clade01 ,clade01,clade02,clade02,clade02,clade02,clade20
Arachnida_Zotu73_P2_D03_12MMOC3R_S504_N708,0,0,0,0,0,0,0,0,0,0,0,0,0,0,0,0,0,0,0,86,0,0,0,0,0,0,0,0,0,0,46,Arachnida_Zotu73_P2_D03_12MMOC3R_S504_N708,GATGAATAATTTAAGATTTTGGTTACTCCCCCCTTCCCTTTTTATATTGTTTATCTCATCTATAGTAGATGTCGGAGTAGGGGCGGGGTGGACTGTGTATCCCCCTCTTGCTTCTTTAGACGGGCATCCTGGGAGATCCGTGGATTTTGCAATTTTTTCTCTTCATCTAGCAGGGGCTTCTTCTATTATAGGGGCGATTAATTTTATTTCTACGATTATTAATATACGGATAAGAGGGGTTACTATGGAAAAAGTTCCTCTTTTTGTGTGATCAGTATTAATTACTGCTGTTTTATTATTATTATCTTTACCTGTTCTCGCAGGGGCTATTACTATACTGCTTACGGATCGAAATTTTAATACGTCTTTTTTCGACCCTTCAGGGGGAGGAGACCCGGTATTGTTTCAACATTTATTT,clade14,clade21,clade21,clade01,clade01 ,clade01,clade02,clade02,clade02,clade02,clade20
Arachnida_Zotu77_P2_D03_12MMOC3R_S504_N708,0,0,0,0,0,0,0,0,0,0,0,0,0,0,0,0,0,0,0,80,0,0,0,0,0,0,0,0,0,0,43,Arachnida_Zotu77_P2_D03_12MMOC3R_S504_N708,GATGAATAATTTAAGATTTTGGTTACTCCCCCCTTCCCTTTTTATATTGTTTATCTCATCTATAGTAGATGTCGGAGTAGGGGCGGGGTGGACTGTGTATCCCCCTCTTGCTTCTTTAGACGGGCATCCTGGGAGATCCGTGGATTTTGCAATTTTTTCTCTTCATCTAGCAGGGGCTTCTTCTATTATAGGGGCGATTAATTTTATTTCTACGATTATTAACATACGGATAAGAGGGGTTACTATGGAAAAAGTCCCTCTTTTTGTGTGATCAGTACTAATTACTGCTGTTTTATTATTATTATCTTTACCTGTTCTTGCAGGGGCTATTACTATACTTCTTACGGATCGAAATTTTAATACGTCTTTTTTCGACCCTTCAGGGGGAGGAGACCCGGTATTGTTTCAACATTTATTT,clade14,clade21,clade21,clade01,clade01 ,clade01,clade02,clade02,clade02,clade02,clade20
Arachnida_Zotu30_P1_B09_9MMC3P_S505_N705,0,0,59,0,1,0,1,0,1234,1,0,0,0,6779,0,0,0,0,0,0,2030,0,29,0,0,0,0,0,0,1214,49,Arachnida_Zotu30_P1_B09_9MMC3P_S505_N705,TATAAATAATTTGAGATTTTGATTATTACCTCCTTCTTTATTATTATTGTTTATTTCTTCTATGGCTGAAATAGGGGTGGGAGCAGGATGAACTGTTTATCCTCCTTTAGCTTCTACTATTGGTCATGCTGGTAGATCGGTGGATTTTGCTATTTTTTCTTTACATTTAGCGGGAGCATCTTCTATTATAGGTGCTATTAATTTTATTTCAACTATTTTTAATATACGTTCTTATGGGATGAGAATGGAAAAAGTTCCTTTATTTGTGTGGTCTGTTTTAATTACTGCTATTTTATTATTATTATCTCTTCCAGTTTTGGCTGGGGCTATTACAATATTATTAACAGATCGAAATTTTAATACATCGTTTTTTGATCCAGCTGGGGGAGGAGATCCTATTTTATTTCAACATTTATTT,clade15,clade12,clade16,clade20,clade13 ,clade16,clade19,clade18,clade18,clade16,clade21
Arachnida_Zotu34_P1_E02_21MMC3_S517_N701,0,0,0,0,0,0,0,0,140,0,0,104,0,221,0,0,0,0,0,0,183,0,57,152,0,0,0,0,0,52,47,Arachnida_Zotu34_P1_E02_21MMC3_S517_N701,TATAAATAATTTGAGATTTTGATTATTACCACCTTCTTTATTATTATTGTTTATTTCTTCTATGGCTGAAATAGGGGTGGGAGCAGGATGAACTGTTTATCCTCCTTTAGCTTCTACTATTGGTCATGCTGGTAGATCGGTGGATTTTGCTATTTTTTCTTTGCATTTAGCGGGAGCATCTTCTATTATGGGTGCTATTAATTTTATTTCAACTATTTTTAATATACGTTCTTATGGGATGAGAATGGAAAAAGTTCCTTTATTTGTGTGGTCTGTTTTAATTACTGCTATTTTATTATTATTATCTCTTCCAGTTTTGGCTGGGGCTATTACAATATTATTAACAGATCGAAATTTTAATACATCGTTTTTTGATCCAGCTGGGGGAGGAGATCCTATTTTATTTCAACATTTATTT,clade15,clade12,clade16,clade20,clade13 ,clade16,clade19,clade18,clade18,clade16,clade21
Arachnida_Zotu73_P1_H04_19MMC1_S503_N703,0,0,0,0,0,0,0,0,0,0,0,0,0,23,0,0,0,0,0,0,0,0,0,0,0,0,0,0,0,9,50,Arachnida_Zotu73_P1_H04_19MMC1_S503_N703,TATAAATAATTTGAGATTTTGATTATTGCCACCTTCTTTATTATTATTGTTTATTTCTTCTATGGCTGAAATAGGAGTGGGAGCAGGATGAACTGTTTATCCTCCTTTAGCTTCTACTATTGGTCATGCTGGTAGATCGGTGGATTTTGCTATTTTTTCTTTGCATTTAGCGGGAGCATCTTCTATTATAGGTGCTATTAATTTTATTTCAACTATTTTTAATATACGTTCTTATGGGATGAGAATGGAAAAAGTTCCTTTATTTGTGTGGTCTGTTTTAATTACTGCTATTTTATTATTATTATCTCTTCCAGTTTTGGCTGGGGCTATTACAATATTATTAACAGATCGAAATTTTAATACATCGTTTTTTGATCCAGCTGGGGGAGGAGATCCTATTTTATTTCAACATTTATTT,clade15,clade12,clade16,clade20,clade13 ,clade16,clade19,clade18,clade18,clade16,clade21
Arachnida_Zotu94_P2_E04_21MMC3b_S502_N709,0,0,0,0,0,0,0,0,21,0,0,0,0,0,0,0,0,0,0,0,1,0,22,0,0,0,0,0,0,0,48,Arachnida_Zotu94_P2_E04_21MMC3b_S502_N709,TATAAATAATTTGAGATTTTGATTATTACCACCTTCTTTATTATTATTGTTTATTTCTTCTATGGCTGAAATAGGGGTGGGAGCAGGATGAACTGTTTATCCTCCTTTAGCTTCTACTATTGGTCATGCTGGTAGATCGGTGGATTTTGCTATTTTTTCTTTACATTTAGCGGGAGCATCTTCTATTATGGGTGCTATTAATTTTATTTCAACTATTTTTAATATACGTTCTTATGGGATGAGAATGGAAAAAGTTCCTTTATTTGTGTGGTCTGTTTTAATTACTGCTATTTTATTATTATTATCTCTTCCAGTTTTGGCTGGGGCTATTACAATATTATTAACAGATCGAAATTTTAATACATCGTTTTTTGATCCAGCTGGGGGAGGAGATCCTATTTTATTTCAACATTTATTT,clade15,clade12,clade16,clade20,clade13 ,clade16,clade19,clade18,clade18,clade16,clade21
Arachnida_Zotu103_P1_C03_29TRE808_S504_N702,0,0,0,11,0,0,0,0,0,0,0,0,0,0,0,0,0,0,0,0,0,0,0,0,4,0,4,0,0,0,91,Arachnida_Zotu103_P1_C03_29TRE808_S504_N702,TATAAATAATTTAAGATTTTGACTACTTCCTCCTTCATTATTATTGTTATTTATTTCTAGAATAGATGAAATAGGGGTTGGAGCAGGATGAACAGTGTATCCTCCTCTTGCATCTTTAGAAGGACATTCTGGAAGTTCGGTAGATTTTGCAATTTTTTCTTTACATTTAGCTGGGGCATCTTCTATTATAGGGGCAATTAACTTTATTTCTACTATTTTAAATATACGAGGCTATGGCATAAGAATAGAAAAAGTTCCTTTATTTGTGTGATCTGTATTGATTACTGCTGTTTTATTGTTATTATCTTTACCAGTTTTAGCAGGAGCTATTACTATATTATTAACTGATCGCAATTTTAATACGTCATTTTTTGATCCTTCTGGAGGGGGAGATCCTGTATTATTTCAACATTTATTT,unused01,unused01,unused01,unused01,unused01,unused01,clade09,clade10,clade12,clade15,unused01
Arachnida_Zotu105_P2_A01_16IZPOC1_S502_N707,0,0,0,0,0,0,0,0,0,0,0,0,0,0,19,0,0,8,0,0,0,0,0,0,0,0,0,0,0,0,96,Arachnida_Zotu105_P2_A01_16IZPOC1_S502_N707,AATAAATAATTTAAGATTTTGATTACTTCCTCCTTCTTTATTATTATTATTTATTTCCTCTATAGTGGAAATAGGAGTAGGAGCAGGATGGACTATTTATCCTCCTTTAGCTTCTGTAATAGGTCATGGGGGAAGTTCAGTTGATTTTGCTATTTTTTCTTTACATTTAGCTGGAGCTTCATCTATTATAGGAGCTATTAATTTTATTTCAACTATTTTAAATATACGAGTAAGTGGAATAAGAATAGAGAAAGTACCTTTATTTGTTTGATCAGTTTTTATTACTGCAATTTTATTATTATTATCTTTACCTGTATTAGCAGGTGCTATTACTATACTATTAACAGATCGAAATTTTAATACCTCTTTTTTTGATCCTGCAGGAGGTGGAGATCCTATTTTATTTCAACATTTATTT,unused02,unused02,unused02,unused02,unused02,unused02,unused01,unused01,unused01,clade17,unused02
Arachnida_Zotu115_P1_C03_29TRE808_S504_N702,0,0,0,9,0,0,0,0,0,0,0,0,0,0,0,0,0,0,0,0,0,0,0,0,3,0,4,0,0,0,101,Arachnida_Zotu115_P1_C03_29TRE808_S504_N702,TATAAATAATTTAAGTTTTTGATTATTACCCCCATCTCTATTTTTACTTTTTATTTCTAGAATGGATGAGATAGGTGTAGGAGCTGGGTGGACTGTGTATCCTCCTCTTGCTTCTTTAGAGGGACATGCTGGGAGCTCTGTTGATTTTGCTATTTTTTCTTTACACTTAGCAGGAGCTTCTTCAATTATGGGAGCTATTAATTTTATTTCTACAATTTTAAATATGCGTGGGTACGGGATAACTATAGAGAAGGTCCCTTTATTTGTTTGATCAGTTCTTATTACAGCTGTTTTACTTTTATTATCTCTACCAGTTTTAGCTGGTGCTATTACTATACTTCTAACTGATCGTAATTTTAATACATCATTTTTTGACCCTGCTGGAGGGGGAGATCCTGTACTATTCCAACATTTATTT,unused04,unused03,unused03,unused03,unused03,unused03,unused02,unused02,unused02,clade11,unused03
Arachnida_Zotu130_P1_G01_8IZTPOCR_S505_N701,0,0,0,0,0,0,0,0,0,0,0,0,9,0,0,0,0,0,0,0,0,0,0,0,0,0,0,0,0,0,106,Arachnida_Zotu130_P1_G01_8IZTPOCR_S505_N701,AATAAATAATTTAAGTTTTTGATTATTACCACCTTCTCTTTTTTTATTGTTTATTTCTTCTATGGTGGATATAGGAGTGGGGGCCGGATGAACTGTGTACCCTCCTTTAGCATCTTTGGAGGGGCACTCTGGAAGTTCTATGGATTTTGCAATTTTTTCTTTACATTTAGCTGGGGCTTCTTCTATTATAGGGGCTATTAATTTCATTTCCACTATTTTTAACATACGTGTGAATGGAATAAGACTGGAAAAGGTTCCTTTGTTTGTTTGATCTGTTTTAATCACTGCTGTTTTATTACTATTATCTCTCCCTGTTTTAGCAGGAGCTATTACTATATTATTAACTGATCGTAATTTTAATACTTCTTTCTTTGACCCTTCAGGAGGAGGGGATCCCGTTCTTTTTCAGCATTTATTT,unused05,unused04,unused04,unused04,unused04,unused04,unused03,unused03,unused03,unused01,unused04
Arachnida_Zotu137_P1_C03_29TRE808_S504_N702,0,0,0,6,0,0,0,0,0,0,0,0,0,0,0,0,0,0,0,0,0,0,0,0,13,0,0,0,0,0,123,Arachnida_Zotu137_P1_C03_29TRE808_S504_N702,ACTAAATAATATAAGCTTTTGGCTTCTCCCCCCATCCTTTCTCCTACTACTATCATCCACTCTAGTAGAAAACGGGGCCGGGACTGGTTGGACTGTATACCCCCCCCTTTCTAGAAATATTGCTCACGCCGGAGCCTCAGTAGATTTAACCATCTTCTCATTACACTTAGCTGGTGTTTCCTCAATTCTTGGGGCAATCAACTTCATCACAACAATTCTTAATATACGCACACAAGGGATAATCCTAGAACGTATACCTTTATTTGTCTGATCTGTTAAAATCACTGCCATCTTACTTTTACTCTCCTTACCAGTATTGGCAGGAGCCATTACAATATTATTAACAGACCGTAATTTTAACACCTCTTTTTTTGATCCTGCAGGGGGGGGTGACCCTATCCTGTACCAACATCTATTC,unused06,unused05,unused05,unused05,unused05,unused05,unused04,unused04,clade04,clade04,unused05
Arachnida_Zotu13_P1_G01_8IZTPOCR_S505_N701,0,0,0,0,0,0,0,0,0,0,0,0,239,0,0,0,0,0,0,0,0,0,0,0,0,0,0,0,0,0,107,Arachnida_Zotu13_P1_G01_8IZTPOCR_S505_N701,AATAAATAACTTGAGTTTTTGATTGTTGCCTCCTTCTTTTTTTTTATTGTTGATTTCTTCAATAGTGGATATAGGGGTTGGAGCTGGGTGAACAGTTTATCCTCCTCTTTCATCTTTAGATGGCCATCCGGGGAGATCTATAGATTTTGCTATTTTTTCTCTTCATTTGGCGGGGGCTTCTTCTATTATGGGGGCTATTAATTTTATTTCTACTATTATAAATATACGTTCAGGCGGAATAAGAATGGAAAAAGTTCCTTTATTTGTGTGATCTGTATTTATTACTGCTGTTCTTTTATTATTATCATTACCAGTATTGGCTGGAGCTATTACTATGTTGTTGACAGATCGAAATTTTAATACTTCTTTTTTTGATCCTTCTGGTGGGGGTGATCCTGTTTTATTTCAGCATTTGTTT,unused07,unused06,clade03,clade05,clade05 ,clade05,clade06,clade06,clade08,clade08,unused06
Arachnida_Zotu149_P2_G03_2SHCN5C2J_S506_N708,0,0,0,0,0,0,0,0,0,0,0,0,0,0,0,0,0,0,0,0,0,0,0,0,0,9,0,0,0,0,121,Arachnida_Zotu149_P2_G03_2SHCN5C2J_S506_N708,ACTTAACAATATTAGTTTCTGACTTCTTCCACCTTCATTAATTTTACTATTGGCTAGTGCATTAGTAGAACAAGGAGTTGGAGCAGGTTGAACTTTATATCCTCCTTTATCAGGAGTACAAAGTCATTCAGGTGGATCAGTTGATTTAGCTATCTTTAGTTTACATCTAGCTGGTATTAGTTCAATGTTAGGGGCAATGAACTTCATTACGACTATTTTAAATATGCGACATCCTGGTATGTCAATGCATAAATTACCTTTATTTTGTTGAGCTATTTTCATTACAGCTATTTTATTATTATTATCACTTCCGGTATTAGCAGGAGGTATTACTATGTTATTAACAGATCGTAATTTCAATACTTCATTTTATGATCCTGCTGGTGGAGGTGATCCTATTTTATTTCAGCATTTGTTT,unused08,unused07,unused06,unused06,unused06,unused06,unused05,unused05,unused04,unused02,unused07
Arachnida_Zotu14_P1_E03_55TRE137_S505_N702,0,0,0,0,0,0,0,0,0,715,0,30,0,0,0,0,0,0,0,0,1,19,0,0,0,0,0,0,865,0,104,Arachnida_Zotu14_P1_E03_55TRE137_S505_N702,TATAAATAATTTGAGTTTTTGGTTATTACCTCCCTCATTAATATTATTATTTATTTCTTCTATAGTTGAAATGGGAGTGGGAGCTGGTTGAACTGTATATCCACCTTTAGCTTCTAATATGGGTCACTCTGGAAGAGCTATGGATTTTGCTATTTTTTCTTTGCATTTAGCAGGTGCTTCATCTATTATGGGTGCAATTAATTTTATTTCTACTGTAATTAATATACGATCTGTTGGGATGAGAATAGAAAAGGTTCCTTTGTTTGTGTGATCAGTATTTATTACTGCAGTACTATTATTATTATCTTTACCTGTATTGGCAGGTGCTATTACTATATTATTAACTGATCGTAATTTTAATACTTCATTTTTTGATCCTGCTGGAGGAGGGGATCCAATTTTATTTCAACATTTATTT,unused09,unused08,unused07,unused07,unused07,unused07,unused06,unused06,unused05,unused03,unused08
Arachnida_Zotu156_P1_H04_19MMC1_S503_N703,0,0,0,0,0,0,0,0,0,0,0,0,0,4,0,0,0,0,0,0,0,0,0,0,0,0,0,0,0,0,82,Arachnida_Zotu156_P1_H04_19MMC1_S503_N703,TATAAATAATTTGAGATTTTGATTACTACCTCCTTCTTTATTATTATTGTTTATTTCTTCTATGGCTGAAATAGGGGTGGGAGCAGGATGAACTGTTTATCCTCCTTTAGCTTCTACTATTGGTCATGCTGGTAGATCGGTGGATTTTGCTATTTTTTCTTTACATTTAGCGGGAGCATCTTCTATTATAGGTGCTATTAATTTTATTTCAACTATTTTTAATATACGTTCTTATGGGATGAGAATGGAAAAAGTTCCTTTATTTGTGTGGTCTGTTTTAATTACTGCTATTTTATTATTATTATCTCTTCCAGTATTAGCTGGAGCAATTACCATATTATTAACAGATCGAAATTTAAATACATCATTTTTCGACCCCGCTGGAGGGGGAGATCCAATTTTATATCAACATTTATTT,unused10,unused09,unused08,unused08,clade13 ,clade16,clade19,clade18,clade18,clade16,unused09
Arachnida_Zotu165_P1_F08_41TDIST2_S503_N705,0,0,0,0,0,0,0,0,0,0,0,6,0,0,0,0,0,0,0,0,0,1,0,0,0,0,0,0,0,0,112,Arachnida_Zotu165_P1_F08_41TDIST2_S503_N705,AATAAATAATTTAAGATTTTGATTGTTGCCGCCGTCTTTGTTTATACTGTTACTGTCTTCTATAACTGAGGTGGGTGTTGGGGCTGGCTGGACTATTTATCCTCCTTTATCAGGTTCTTTAGGTCATTCTGGAGGGGGAATGGATTTTGCTATTTTTTCTCTTCATTTAGCTGGTGCTTCTTCAATTATAGGTGCTATTAATTTTATTAGAACTATTATTAATATGCGAATGGTAGGGATAAGAATGGAACGTGTTCCTTTGTTTGTATGATCGGTGTTGATTACAGCTATTTTATTGTTATTATCTTTGCCTGTATTGGCTGGTGCTATTACTATATTGTTAACGGATCGTAATTTTAATACATCTTTTTTCGACCCGGCTGGAGGGGGTGATCCGATTTTATTTCAACATTTATTT,unused11,unused10,unused09,unused09,unused08,unused08,clade01,clade01,clade01,clade01,unused10
Arachnida_Zotu167_P1_F08_41TDIST2_S503_N705,0,0,0,0,0,0,0,0,0,0,0,5,0,0,0,0,0,0,0,0,0,3,0,0,0,0,0,0,0,0,74,Arachnida_Zotu167_P1_F08_41TDIST2_S503_N705,AATAAATAATCTTTCTTTTTGATTATTACCTCCTTCTTTATTTTTATTATTTATGTCTTCTATAGTAGAAATAGGTGTTGGAGCGGGATGAACTGTTTATCCTCCTTTGGCTTCTAGAGTAGGGCATATAGGAAGATCTATGGATTTTGCTATTTTTTCTCTTCATTTGGCTGGTGCTTCTTCTATTATAGGGGCTGTAAATTTTATTTCTACTATTATTAATATACGATTAGTAGGAGTTTCTATAGAAAAGGTTCCTTTATTTGTTTGATCAGTTTTGATTACTGCTGTTTTATTATTGCTTTCTTTACCAGTTTTAGCTGGAGCTATTACTATATTGTTAACTGATCGTAATTTTAATACTTCTTTTTTTGACCCTGCTGGGGGAGGGGATCCCATTTTATTTCAACATTTGTTT,unused12,unused11,unused10,unused10,unused09,unused09,unused07,unused07,clade07,clade07,unused11
Arachnida_Zotu172_P1_A01_32TCONS2_S502_N701,4,0,0,0,0,0,309,0,0,0,0,0,0,0,0,0,0,0,0,0,0,0,0,0,0,0,0,0,0,0,81,Arachnida_Zotu172_P1_A01_32TCONS2_S502_N701,TATAAATAATTTGAGATTTTGATTATTGCCACCTTCTTTATTATTATTGTTTATTTCTTCTATGGCTGAAATAGGGGTGGGAGCAGGATGAACTGTTTATCCTCCTTTAGCTTCTACTATTGGTCATGCTGGTAGATCGGTGGATTTTGCTATTTTTTCTTTACATTTGGCGGGAGCATCTTCTATTATAGGTGCTATTAATTTTATCTCAACTATTTTTAATATACGTTCTTATGGGATGAGAATGGAAAAAGTTCCTTTATTTGTGTGGTCTGTTTTAATTACTGCTATTTTATTATTGTTATCTCTTCCAGTTTTGGCTGGGGCTATTACAATATTATTAACAGATCGAAATTTTAATACATCGTTTTTTGATCCAGCTGGGGGAGGAGATCCTATTTTATTTCAACATTTATTT,unused13,clade12,clade16,clade20,clade13 ,clade16,clade19,clade18,clade18,clade16,unused12
Arachnida_Zotu17_P1_C11_7IZPOC1W_S506_N706,0,0,0,0,0,94,0,0,0,0,0,0,0,0,0,0,0,0,0,0,0,0,0,0,0,4,0,0,0,0,88,Arachnida_Zotu17_P1_C11_7IZPOC1W_S506_N706,TATAAATAATTTAAGATTTTGGTTATTACCACCATCTTTGTTATTGTTATTTATTTCAAGAATAGATGAAATAGGTGTTGGGGCAGGTTGAACTGTTTATCCCCCTTTGGCTTCTTTAGAGGGTCATTCTGGTAGATCAGTAGATTTTGCAATTTTTTCTTTACATTTAGCTGGTGCTTCTTCAATTATAGGAGCTATTAATTTTATTTCTACAATTTTAAATATGCGAGGATATGGGATAACAATGGAAAAGGTTCCTTTATTTGTTTGATCTGTATTAATTACTGCTGTTTTATTGTTATTATCTTTGCCTGTTTTAGCAGGTGCTATCACTATACTTTTAACTGATCGAAATTTTAATACTTCGTTTTTTGATCCTTCAGGGGGAGGAGATCCTGTGTTATTTCAACATTTATTT,unused14,unused12,unused11,unused11,unused10,clade14,clade17,clade20,clade16,clade14,unused13
Arachnida_Zotu182_P1_F08_41TDIST2_S503_N705,0,0,0,0,0,0,0,0,0,0,0,4,0,0,0,0,0,0,0,0,0,0,0,1,0,0,0,0,0,0,90,Arachnida_Zotu182_P1_F08_41TDIST2_S503_N705,TATAAATAATTTGAGATTTTGGTTATTACCCCCTTCTTTATTTTTATTATTTATTTCTAGAATAGATGAGATAGGAGTAGGAGCAGGGTGAACAGTGTATCCTCCTTTAGCTTCTTTAGAGGGGCATTCTGGTAGATCGGTAGATTTTGCTATTTTTTCCTTACATTTAGCTGGGGCGTCTTCAATTATAGGGGCTATTAATTTTATTTCTACTATTTTAAATATGCGTGGTTATGGTATGACTATAGAAAAAGTTCCTTTATTTGTATGGTCTGTGTTAATTACTGCTATTTTATTATTATTATCTTTACCTGTTTTGGCAGGAGCTATTACTATACTTTTAACTGATCGAAATTTTAATACATCTTTTTTTGACCCATCGGGAGGGGGGGATCCTGTTCTATTTCAACATTTATTT,unused15,unused13,unused12,unused12,unused11,unused10,unused08,clade15,clade19,clade14,unused14
Arachnida_Zotu187_P2_E04_21MMC3b_S502_N709,0,0,0,0,0,0,0,0,3,0,0,0,0,0,0,0,0,0,0,0,0,0,6,0,0,0,0,0,0,0,103,Arachnida_Zotu187_P2_E04_21MMC3b_S502_N709,CATGAATAATTTAAGATTTTGATTGCTCCCCCCTTCCTTATTTCTTTTATTTATTTCTAGTATAGATGAAATAGGTGTAGGGGCTGGATGAACTATTTATCCTCCTCTTGCTTCTTTAGAAGGACATTCTGGAAGCTCAGTAGATTTTGCTATTTTTTCTTTACACTTAGCTGGGGCTTCTTCTATTATAGGGGCTATTAATTTTATTTCTACTATTTTAAATATGCGTGGTTATGGAATATTAATAGAAAAGGTTCCTTTGTTTGTGTGATCAGTTTTAATTACAGCTGTTTTGTTGTTGTTATCTTTACCTGTATTAGCAGGGGCTATTACTATACTTTTAACAGATCGTAATTTTAATACATCATTTTTTGACCCTTCCGGGGGAGGGGATCCAGTTTTATTTCAGCATTTATTT,unused17,unused14,unused13,unused13,unused12,unused11,unused09,unused08,unused06,unused04,unused15
Arachnida_Zotu18_P1_E03_55TRE137_S505_N702,0,0,0,0,0,0,1,0,0,507,0,3,0,0,0,0,8,0,0,0,0,0,0,12,0,0,0,0,590,0,84,Arachnida_Zotu18_P1_E03_55TRE137_S505_N702,TATGAATAATTTGAGATTTTGGTTATTACCCCCTTCTTTATTACTATTATTTATTTCTAGAATGGATGAAATAGGAGTGGGTGCAGGTTGAACTATTTACCCTCCTCTTGCTTCTTTGGATGGTCATTCTGGGAGATCAGTGGATTTTGCTATTTTTTCTTTACATTTAGCAGGAGCTTCTTCTATTATAGGAGCTATTAATTTTATTTCTACTATTATTAACATACGAGGATATGGGATATCTATAGAAAAAGTTCCTTTGTTTGTTTGGTCTGTTTTAATTACAGCTGTATTATTACTATTATCTTTACCTGTGTTAGCAGGTGCTATTACTATACTTTTAACGGATCGAAATTTTAATACATCATTTTTTGACCCATCTGGAGGAGGGGATCCTATTTTATTTCAACATTTATTT,unused18,unused15,clade06,clade09,clade09 ,clade09,clade12,clade13,clade15,clade14,unused16
Arachnida_Zotu18_P2_D03_12MMOC3R_S504_N708,0,0,0,0,0,0,0,0,0,0,0,0,0,0,0,0,0,0,0,738,0,0,0,0,0,0,0,0,0,0,102,Arachnida_Zotu18_P2_D03_12MMOC3R_S504_N708,TATAAATAATTTAAGATTTTGATTATTACCCCCTTCTTTGTTTTTACTAATTATTTCTTCTATAGTTGAGATGGGAGTCGGTTCGGGATGAACCGTTTATCCGCCTCTTGCATCTTTAGATGGACATTCTGGAAGTTCAGTAGATTTTGCAATTTTTTCATTGCATTTAGCGGGTGCTTCTTCAATTATAGGGGCAATTAATTTTATTTCTACTATTTTAAATATGCGGATATTGGGGATATCGATAGAAAAAGTTCCTTTGTTTGTTTGGTCCGTTTTAATTACTGCTATTTTATTGTTGTTATCTTTACCTGTTTTAGCAGGTGCTATCACTATATTATTAACTGATCGCAATTTTAATACATCTTTTTTTGACCCCTCAGGGGGAGGGGATCCTATTTTATTTCAACATTTATTT,unused19,unused16,unused14,unused14,unused13,unused12,unused10,unused09,unused07,unused05,unused17
Arachnida_Zotu191_P2_E04_21MMC3b_S502_N709,0,0,0,0,0,0,0,0,1,0,0,0,0,0,0,0,0,0,0,0,0,0,5,0,0,0,0,0,0,0,78,Arachnida_Zotu191_P2_E04_21MMC3b_S502_N709,TATAAATAATTTAAGTTTTTGATTATTACCATCTTCTTTAATATTATTATTTATATCTTCTATGGCTGAAATAGGAGTTGGAGCTGGTTGAACAGTTTATCCTCCTTTATCGTCTAGAGTTGGTCATATGGGAAGAGCTATAGATTTTGCTATTTTTTCTTTACATTTAGCTGGAGCCTCTTCTATTATAGGTGCTGTGAATTTTATTTCTACTGTAATTAATATACGTTGTGTTGGAATGACTTTCGAGAAAGTTCCTTTATTTGTTTGATCTGTTTTAATTACAGCTATTTTATTATTATTATCTCTTCCTGTATTAGCAGGTGCTATTACTATATTATTAACAGATCGAAACTTTAATACTTCATTTTTTGATCCTGCGGGAGGAGGAGATCCTATTTTATTTCAACATTTATTT,unused20,unused17,unused15,unused15,unused14,unused13,clade08,clade08,clade10,clade10,unused18
Arachnida_Zotu200_P1_E02_21MMC3_S517_N701,0,0,0,0,0,0,0,0,5,0,0,0,0,0,0,0,0,0,0,0,0,0,23,0,0,0,0,0,0,0,108,Arachnida_Zotu200_P1_E02_21MMC3_S517_N701,GATAAATAATTTAAGTTTTTGATTGTTACCCCCTTCTTTATTGTTATTGTTTATTTCCTCTATAGTGGAAATAGGGGTTGGAGCGGGATGGACTATTTATCCTCCTTTGGCCTCTGTAGTAGGCCATTCAGGAAGTTCTGTAGATTTTGCTATTTTTTCTCTTCATTTGGCTGGTGCTTCATCAATTATGGGGGCTATTAATTTTATTTCTACTGTTATTAATATACGGATAGAAGGAATAAGAATAGAAAAAATTCCATTGTTTGTTTGATCAGTTTTAATTACTGCTGTGCTTTTATTATTGTCACTTCCAGTGTTGGCTGGAGGTATTACTATGCTATTAACAGATCGAAATTTTAACACATCTTTTTTTGACCCTGCAGGGGGAGGTGATCCTATTTTATTTCAACACTTGTTT,unused21,unused18,unused16,unused16,unused15,unused14,unused11,unused10,unused08,unused06,unused19
Arachnida_Zotu200_P2_A01_16IZPOC1_S502_N707,0,0,0,0,0,0,0,0,0,0,0,0,0,0,6,0,0,6,0,0,0,0,0,0,0,0,0,0,0,0,72,Arachnida_Zotu200_P2_A01_16IZPOC1_S502_N707,AATAAATAATTTAAGATTTTGATTATTACCTCCTTCTTTATTTTTATTATTTATTTCTTCTATAGTTGAAATAGGGGTGGGTGCAGGATGAACAGTTTATCCTCCTTTATCGTCTTTAGAAGGTCATGGAGGAAGATCTGTGGATTTTGCAATTTTTTCTTTACATTTAGCTGGGGCTTCTTCAATTATAGGGGCAGTAAATTTTATTTCTACTGTATTTAATATACGATCTTATGGAATATCTATAGAAAAAGTTTCTTTATTTGTTTGATCTGTTTTAATTACTGCTGTATTATTATTACTTTCATTACCAGTATTAGCAGGTGCTATTACAATATTATTAACTGATCGAAATTTTAACACTTCTTTTTTTGATCCTGCTGGAGGAGGTGATCCTATTTTATTTCAGCATTTATTT,unused22,unused19,unused17,unused17,unused16,unused15,unused12,clade09,clade11,clade12,unused20
Arachnida_Zotu201_P1_D05_13SHC4C1_S505_N703,0,0,0,1,0,0,9,0,0,0,0,0,0,0,0,0,0,0,0,0,0,0,0,0,0,0,0,1,0,0,94,Arachnida_Zotu201_P1_D05_13SHC4C1_S505_N703,TATAAATAATTTAAGATTTTGATTATTACCACCTTCATTAATTTTATTATTTGTATCTTCTATAGCTGAAATAGGGGTAGGAGCTGGGTGAACTGTATATCCTCCTTTAGCTTCTAGAGTAGGTCATTCTGGTAGAGCTATGGATTTTGCTATTTTTTCTTTACATTTAGCTGGAGCTTCTTCTATTATAGGATCTATTAATTTTATTTCAACTATTATTAATATACGTTCTTATGGAATAAGTATAGAGAAAGTACCTTTGTTTGTATGATCCGTATTTATTACTACTATTTTGTTGTTACTGTCTTTGCCTGTTTTGGCAGGGGCTATTACTATATTGTTAACTGATCGTAATTTTAATACTTCTTTTTTTGATCCTGCTGGGGGAGGGGATCCAATTTTATTTCAACATTTATTT,unused23,clade17,clade22,clade08,clade08 ,clade08,clade11,clade12,clade14,clade13,unused21
Arachnida_Zotu202_P1_D05_13SHC4C1_S505_N703,0,0,0,0,0,0,9,0,10,0,0,0,0,0,0,0,0,0,0,24,0,0,6,0,0,0,0,0,0,0,71,Arachnida_Zotu202_P1_D05_13SHC4C1_S505_N703,AATAAATAATTTAAGTTTTTGATTATTACCTCCTTCTTTATTTTTATTATTTATTTCTTCTATAATTGAAATAGGAGTAGGATCTGGGTGAACTGTTTATCCTCCATTATCTTCTTTAGAAGGACATGGGGGTAGATCTGTAGATTTTGCAATTTTTTCTTTACATTTAGCTGGAGCTTCTTCTATTATAGGAGCAGTAAATTTTATTTCTACTATTTTAAATATACGTTCATATGGAATAACTATAGAAAAAGTTTCTTTATTTGTATGATCTGTATTAATTACTGCTGTATTATTGTTATTGTCATTACCTGTATTAGCAGGTGCTATTACTATATTATTAACTGATCGAAATTTTAATACATCTTTTTTTGATCCAGCTGGAGGAGGAGATCCTATTTTATTTCAGCATTTATTT,unused24,unused20,unused18,unused18,unused17,clade15,clade18,clade09,clade11,clade12,unused22
Arachnida_Zotu204_P1_E02_21MMC3_S517_N701,0,0,0,0,0,0,0,0,5,0,0,0,0,0,0,0,0,0,0,0,0,0,6,0,0,0,0,0,0,0,89,Arachnida_Zotu204_P1_E02_21MMC3_S517_N701,AATAAATAATTTAAGATTTTGGTTACTACCTCCTTCTTTGTTTTTATTGTTTATTTCTAGAATAGATGAAATAGGAGTAGGAGCAGGATGAACAGTGTATCCTCCTTTAGCCTCTTTAGAGGGTCATTCTGGTAGATCAGTAGATTTTGCTATTTTTTCTTTACATTTAGCTGGTGGATCTTCAATTATAGGGGCTATTAATTTTATTTCTACAATTTTAAATATGCGGGGGTATGGAATAACAATAGAAAAAGTTCCCTTATTTGTTTGATCTGTACTAATTACAGCTATTTTATTATTGTTATCTTTACCTGTTTTGGCAGGAGCTATTACTATACTTCTAACTGATCGAAATTTTAATACATCTTTTTTTGATCCTTCGGGAGGGGGGGATCCTGTTTTATTTCAACATTTATTT,unused25,unused21,unused19,unused19,clade14 ,clade18,clade21,clade15,clade19,clade14,unused23
Arachnida_Zotu209_P2_G03_2SHCN5C2J_S506_N708,0,0,0,0,0,0,0,0,0,0,0,0,0,0,0,0,0,0,0,0,0,0,0,0,0,6,0,0,0,0,105,Arachnida_Zotu209_P2_G03_2SHCN5C2J_S506_N708,GATAAATAATTTAAGATTTTGGCTGCTCCCGCCTTCGTTATTTCTTTTATTCATTTCAAGAATGGATGAAATAGGTGTTGGAGCAGGATGAACTGTGTATCCCCCTCTTGCTTCATTAGAGGGTCATGCTGGGAGTTCTGTGGATTTTGCTATTTTTTCGTTACATTTAGCTGGGGCTTCATCAATTATAGGGGCAATTAATTTTATTACTACAATTCTTAATATGCGGGGGTACGGTATAACAATAGAAAAGGTTCCTTTATTTGTATGATCCGTTTTAATTACTGCTGTTCTTCTTTTATTATCTTTGCCTGTGTTAGCTGGGGCAATTACTATATTGTTAACTGATCGAAATTTTAATACTTCGTTTTTTGACCCTTCTGGGGGAGGAGATCCTGTATTATTTCAACATTTATTT,unused27,unused22,unused20,unused20,unused18,unused16,unused13,unused11,unused09,unused07,unused24
Arachnida_Zotu20_P1_E02_21MMC3_S517_N701,0,0,0,0,0,0,0,0,256,0,0,0,0,0,0,0,0,0,0,0,402,0,0,0,0,0,0,0,0,0,80,Arachnida_Zotu20_P1_E02_21MMC3_S517_N701,TATAAATAATTTAAGATTTTGGTTATTACCCCCCTCTTTATTGTTATTATTTATTTCTTCTATAGCTGAAATAGGAGTAGGGGCAGGGTGGACTGTTTACCCACCTTTAGCTTCTACTATTGGTCATGCGGGGAGATCAGTGGATTTTGCTATTTTTTCTTTACATTTGGCGGGGGCTTCTTCTATTATAGGGGCTATCAATTTTATTTCAACTATTTTTAATATACGTTCTTATGGGATGAGAATAGAAAAAGTTCCTTTATTTGTGTGGTCTGTGTTGATTACTGCTGTTTTATTATTATTATCTCTTCCTGTTTTAGCTGGTGCTATTACAATATTGTTAACAGATCGAAATTTTAATACATCGTTTTTTGATCCAGCTGGGGGGGGTGATCCTATTTTATTTCAACATTTATTT,unused28,unused23,unused21,unused21,unused19,clade17,clade20,clade18,clade18,clade16,unused25
Arachnida_Zotu213_P2_E04_21MMC3b_S502_N709,0,0,0,0,0,0,0,0,3,0,0,0,0,0,0,0,0,0,0,0,0,0,4,0,0,0,0,0,0,0,73,Arachnida_Zotu213_P2_E04_21MMC3b_S502_N709,AATAAATAATTTAAGATTTTGGTTATTACCACCTTCATTATTATTATTATTTATTTCTTCAATAAGAGAAATAGGAGTAGGGGCTGGATGAACTGTCTATCCTCCTTTAGCTTCCTTGGAAGGACATTCTGGTTTATCTGTTGATTTTGCAATTTTTTCTTTACATTTAGCTGGGGCGTCTTCTATTATAGGGGCTATTAATTTTATTTCTACAATTTTAAATATACGTGTATTAGGAATAAGAATAGAAAAGATATCTTTATTTGTTTGATCTGTTTTAATTACAGCTATTCTTTTATTATTATCATTACCTGTTTTAGCTGGAGCTATTACAATATTATTAACTGATCGAAATTTTAATACTTCTTTTTTTGATCCTGCAGGAGGGGGGGATCCTGTATTATTTCAACATTTATTT,unused29,unused24,unused22,unused22,unused20,unused17,unused14,unused12,unused10,unused08,unused26
Arachnida_Zotu216_P1_D05_13SHC4C1_S505_N703,0,0,0,0,0,0,7,0,0,0,0,0,0,0,0,0,0,0,0,0,0,0,0,0,0,0,0,0,0,0,100,Arachnida_Zotu216_P1_D05_13SHC4C1_S505_N703,AATAAATAATTTGAGATTTTGATTATTACCCCCATCGTTATTTTTGTTATTTATTTCGTCTATAGTAGAAATGGGAGTTGGGGCTGGATGAACCGTTTACCCCCCCCTGTCTTCTTTAGATGGACATCCTGGTAGATCTGTTGATTTTGCTATTTTTTCTTTACATTTAGCTGGGGCTTCTTCAATTATAGGGGCTATTAATTTTATTTCCACTATTTTAAATATACGGGCTTATGGGGTTTCTATGGAGAAAGTTTCTTTATTTGTTTGGTCAGTTTTAATTACTGCTGTACTCTTATTATTATCGTTACCTGTATTAGCAGGTGCTATTACTATATTGTTAACTGATCGTAATTTTAATACTTCTTTTTTTGATCCTTCTGGGGGAGGGGATCCTATTTTGTTTCAACATTTATTT,unused30,unused25,unused23,unused23,unused21,unused18,unused15,unused13,unused11,unused09,unused27
Arachnida_Zotu22_P1_C11_7IZPOC1W_S506_N706,0,0,0,0,0,42,0,0,0,0,0,0,0,0,16,0,0,10,0,0,0,0,0,0,0,0,0,0,0,0,77,Arachnida_Zotu22_P1_C11_7IZPOC1W_S506_N706,AATGAATAATTTAAGTTTTTGATTATTACCTTCTTCTTTATTATTGTTATTTATATCTTCTATGGCTGAAATAGGAGTTGGAGCAGGGTGAACAGTTTATCCTCCTTTGTCTTCTAGAATTGGACATATAGGGAGAGCTATAGATTTTGCAATTTTTTCATTACATTTAGCTGGAGCTTCTTCTATTATGGGTGCTGTTAATTTTATCTCTACTGTAATTAATATACGTTCTGTTGGAATAACTTTCGAGAAAGTTCCTTTATTTGTTTGATCTGTTTTAATTACTGCTATTTTATTATTATTATCTCTTCCTGTATTAGCAGGAGCTATCACTATATTATTAACAGACCGAAATTTTAATACTTCATTTTTTGATCCTGCAGGAGGAGGAGATCCTATTTTATTTCAACATTTATTT,unused31,clade15,clade19,clade15,clade17 ,clade21,clade08,clade08,clade10,clade10,unused28
Arachnida_Zotu22_P2_A01_16IZPOC1_S502_N707,0,0,0,0,0,0,0,0,0,0,0,0,0,0,234,0,0,48,129,0,0,0,0,0,0,0,0,0,0,0,83,Arachnida_Zotu22_P2_A01_16IZPOC1_S502_N707,TATAAATAATTTAAGTTTTTGGTTGTTACCCCCTTCTTTATTGTTATTATTCGTTTCTTCTATAGTGGAAATAGGGGTTGGAGCCGGATGGACTATTTATCCTCCTTTAGCTTCTACTATTGGTCATGCAGGGAGATCGGTAGATTTTGCTATTTTTTCTTTACATTTAGCTGGAGCTTCTTCTATTATAGGTGCTATTAATTTTATTTCTACTATTTTTAATATACGTTCTTACGGAATGAGAATAGAAAAAGTTCCTTTGTTTGTGTGGTCTGTATTAATCACTGCTGTATTATTATTGTTATCTTTACCGGTTTTAGCTGGTGCTATTACTATGTTATTGACAGATCGAAATTTTAATACATCGTTTTTTGATCCGGCTGGTGGGGGGGATCCAATTTTATTTCAACATTTGTTT,unused32,unused26,unused24,unused24,unused22,unused19,unused16,unused14,unused12,clade16,unused29
Arachnida_Zotu238_P1_D05_13SHC4C1_S505_N703,0,0,0,0,0,0,5,0,0,0,0,0,0,0,0,0,0,0,0,0,0,0,0,0,0,0,0,1,0,0,117,Arachnida_Zotu238_P1_D05_13SHC4C1_S505_N703,TATAAACAATTTAAGATTTTGGTTGTTACCCCCCTCATTATTATTATTATTTATTTCTAGTATAGATGAGATAGGGGTGGGGGCAGGATGAACTGTGTACCCACCCCTATCTTCTTTAGAGGGGCATTCTGGGAGCTCCGTAGATTTTGCTATTTTTTCTTTACATTTGGCTGGGGCGTCATCAATTATGGGGGCCATTAATTTCATTTCAACTATTTTTAATATGCGGGGGTCTGGAATGACCCTCGAAAAAGTTCCTTTATTTGTTTGATCTGTCTTAATTACAGCTGTGTTATTACTATTGTCCTTGCCAGTTTTGGCAGGGGCCGTTACTATGCTTTTAACAGACCGAAATTTTAATACGTCATTTTTTGACCCATCTGGGGGGGGGGATCCAGTGTTATTTCAGCATTTGTTT,unused33,unused27,unused25,clade03,clade03 ,clade03,clade04,clade04,clade05,clade05,unused30
Arachnida_Zotu248_P2_A01_16IZPOC1_S502_N707,0,0,0,0,0,0,0,0,0,0,0,0,0,0,4,0,0,10,0,0,0,0,0,0,0,0,0,0,0,0,120,Arachnida_Zotu248_P2_A01_16IZPOC1_S502_N707,TCTCAATAATGTCAGTTTTTGGCTATTAGTACCATCTTTTATATTATTACTCGCATCTGCATTTGTGGAAGGTGGTGCTGGTACTGGGTGGACAATTTATCCTCCTTTAAGTGGTATAGCTTCACATTCTGGACCTGCTGTTGACATGGCAATATTAAGTTTGCATTTAGCTGGAATCTCTTCAATACTCGGTGCTATTAATTTTATTACTACTATATTTAATATGCGTACTCCCGGAATGATTTTAAATAAAATGCCTCTTTTTGTTTGGTCTGTTCTAATCACCGCTTTTTTATTAATCCTCGCTTTACCAGTGCTCGCAGGTGCTATTACTATGTTGCTTACTGATCGTAATTTTAGTACTAAATTTTTTGATCCAGCTGGCGGAGGAGATCCTGTATTATTTCAACATTTATTT,unused35,unused28,unused26,unused25,unused23,unused20,unused17,unused15,unused13,unused10,unused31
Arachnida_Zotu24_P2_A01_16IZPOC1_S502_N707,0,0,0,0,1,0,0,0,0,0,0,0,0,0,166,0,0,94,0,0,0,0,0,0,0,0,0,0,0,0,79,Arachnida_Zotu24_P2_A01_16IZPOC1_S502_N707,TATAAATAATCTTAGATTTTGGTTGTTACCTCCCTCTTTATTATTGTTATTTATTTCTTCTATAGCTGAAATAGGAGTAGGGGCAGGATGGACTGTTTATCCTCCTTTAGCCTCTACTATTGGTCATGCAGGGAGATCGGTGGATTTTGCTATTTTTTCTTTACATTTAGCAGGGGCTTCTTCTATTATAGGGGCTATTAATTTTATTTCAACTATTTTTAATATACGTTCTTATGGGATAAGAATAGAAAAAGTTCCTTTATTTGTGTGATCTGTGTTGATTACTGCTGTTTTATTATTATTGTCTCTTCCTGTTTTAGCTGGTGCTATTACGATATTATTAACAGATCGAAATTTTAATACATCGTTTTTTGATCCAGCTGGGGGAGGTGATCCTATTTTATTTCAACATTTATTT,unused36,unused29,unused27,unused26,unused24,clade17,clade20,clade18,clade18,clade16,unused32
Arachnida_Zotu267_P2_A01_16IZPOC1_S502_N707,0,0,0,0,0,0,0,0,0,0,0,0,0,0,4,0,0,0,2,0,0,0,0,0,0,0,0,0,0,0,122,Arachnida_Zotu267_P2_A01_16IZPOC1_S502_N707,ACTAAATAATATAAGCTTTTGGCTTCTACCCCCTTCCTTTCTCCTGCTTCTATCCTCTACTCTAGTAGAAAACGGAGCAGGAACTGGTTGAACAGTGTACCCACCCCTCTCTAGAAATATCGCTCATGCAGGAGCTTCAGTGGATCTAACCATCTTCTCATTACACTTAGCGGGTGTCTCCTCAATTCTTGGGGCTATCAACTTCATTACAACTATTCTTAATATGCGCACACAAGGAATAATCCTAGAACGAATACCTTTATTTGTTTGATCTGTTAAATTCACCGCTATCTTACTTTTACTATCCTTACCAGTACTGGCAGGAGCCATTACAATATTACTAACAGACCGTAATTTTAATACCTCTTTTTTTGACCCAGCAGGAGGGGGGGACCCTATCCTATACCAGCATCTATTC,unused37,unused30,unused28,unused27,unused25,unused21,unused18,unused16,clade04,clade04,unused33
Arachnida_Zotu27_P1_E03_55TRE137_S505_N702,0,0,0,0,0,0,0,0,0,288,0,0,0,0,0,0,338,0,0,0,0,0,0,0,0,0,0,0,0,0,86,Arachnida_Zotu27_P1_E03_55TRE137_S505_N702,TATAAATAATTTGAGTTTTTGGTTGTTACCCCCTTCTTTGTTTTTGCTATTTATTTCTAGAATAGATGAAATAGGAGTAGGCGCAGGTTGGACTGTTTATCCTCCCCTGGCTTCTTTGGAGGGGCATTCTGGTAGATCAGTAGATTTTGCTATTTTTTCTTTACATTTGGCGGGGGCGTCTTCAATTATGGGGGCTATTAATTTTATTTCTACTATTTTAAATATACGTGGATATGGAATGACTATAGAAAAAGTTCCTTTATTTGTTTGATCGGTTTTAATTACAGCTATTTTATTATTATTATCTTTACCTGTTTTGGCAGGGGCTATTAGTATGCTTTTGACAGATCGTAATTTTAATACTTCGTTTTTTGATCCAGCAGGGGGAGGGGATCCTGTTTTATTTCAACATTTATTT,unused38,unused31,unused29,unused28,unused26,unused22,unused19,unused17,unused14,clade14,unused34
Arachnida_Zotu30_P1_D10_4SHC5C2R_S502_N706,0,0,0,0,0,0,0,196,0,0,0,0,0,0,0,0,0,0,0,0,0,0,0,0,0,0,0,0,0,0,115,Arachnida_Zotu30_P1_D10_4SHC5C2R_S502_N706,GATAAATAATTTAAGATTTTGGTTACTCCCCCCCTCCCTTTTTATATTATTTATCTCATCTATAGTAGACGTCGGAGTAGGAGCGGGGTGGACTGTGTATCCCCCTCTTGCTTCTTTAGACGGGCATCCTGGGAGATCTGTGGATTTTGCAATTTTTTCTCTTCATTTAGCAGGGGCTTCTTCTATTATAGGGGCGATTAATTTTATTTCTACGATTATTAATATACGGATAAGAGGGGTTACTATGGAAAAAGTCCCTCTTTTTGTGTGATCAGTGCTAATTACTGCTGTTTTATTACTATTATCTTTACCTGTTCTTGCGGGGGCTATTACTATGCTGCTTACAGATCGAAATTTTAATACGTCTTTTTTCGACCCTTCAGGGGGAGGAGACCCAGTATTGTTTCAACATTTGTTT,unused39,clade16,clade20,clade01,clade01 ,clade01,clade02,clade02,clade02,clade02,unused35
Arachnida_Zotu31_P2_H04_55TRE137a_S505_N709,0,0,0,0,0,0,0,0,0,0,0,1,0,0,0,0,0,0,0,0,0,0,0,0,0,0,0,0,5,0,75,Arachnida_Zotu31_P2_H04_55TRE137a_S505_N709,TATAAATAATCTTTCTTTTTGATTATTACCTCCTTCTTTATTTTTATTATCTATATCTTCTATAGTAGAGATAGGAGTTGGTGCTGGATGAACTGTTTATCCTCCTTTAGCATCTACAGTTGGTCATATAGGAAGTTCAATAGATTTTGCTATTTTTTCTCTTCATTTAGCTGGAGCTTCTTCTATTATAGGAGCTGTAAATTTTATTTCTACAATTATTAATATACGAATATTAGGAATATCTATAGAAAAGGTTCCTCTTTTTGTTTGATCTGTATTAATTACGGCAGTATTATTATTACTTTCTTTACCTGTATTAGCAGGTGCTATTACTATATTATTAACAGATCGAAATTTTAATACTTCTTTCTTTGATCCTGCTGGTGGAGGGGATCCTATTTTATTTCAACATTTATTT,unused40,unused32,unused30,unused29,unused27,clade11,clade14,clade16,clade07,clade07,unused36
Arachnida_Zotu36_P1_D10_4SHC5C2R_S502_N706,0,0,0,0,0,0,0,150,0,0,0,0,0,0,0,0,0,0,0,0,0,0,0,0,0,0,0,0,0,0,98,Arachnida_Zotu36_P1_D10_4SHC5C2R_S502_N706,AATAAATAATTTAAGTTTTTGATTACTTCCCCCTTCTTTATTACTATTATTTATTTCTTCCATAGTTGAAATAGGAGTAGGAGCAGGTTGAACTGTATATCCTCCTTTATCTTCTTTAGAAGGTCATGCTGGTAGTTCGGTAGATTTTGCTATTTTTTCTTTACATTTAGCTGGTGCATCTTCTATTATAGGAGCAATTAATTTTATTTCTACAATTTTAAATATGCGGTCAATAGGAATAAGACTAGAAAAAATTTCATTGTTTGTGTGATCTGTATTAATTACTGCTGTTTTATTACTTTTATCTTTACCAGTTTTAGCTGGGGCTATCACTATATTATTAACTGATCGGAATTTTAATACTTCTTTTTTTGACCCTGCAGGGGGTGGTGATCCTATTTTATTTCAACATTTATTT,unused41,unused33,unused31,unused30,unused28,unused23,unused20,unused18,unused15,unused11,unused37
Arachnida_Zotu47_P2_D03_12MMOC3R_S504_N708,0,0,0,0,0,0,0,0,0,0,0,0,0,0,0,0,0,0,0,189,0,0,0,0,0,0,0,0,0,0,116,Arachnida_Zotu47_P2_D03_12MMOC3R_S504_N708,GATGAATAATTTAAGATTTTGGTTACTCCCCCCTTCCCTTTTTATATTATTTATCTCATCTATAGTAGACGTCGGAGTAGGAGCGGGGTGGACTGTGTATCCCCCTCTTGCTTCTTTAGACGGGCATCCTGGGAGATCTGTGGATTTTGCAATTTTTTCTCTTCATTTAGCAGGGGCTTCTTCTATTATAGGGGCGATTAATTTTATTTCTACGATTATTAATATACGGATAAGAGGGGTTACTATGGAAAAAGTCCCTCTTTTTGTGTGATCAGTGCTAATTACTGCTGTTTTATTACTATTATCTTTACCTGTTCTTGCAGGGGCTATTACTATACTGCTTACGGATCGAAATTTTAATACGTCTTTTTTCGATCCTTCAGGGGGAGGAGACCCAGTGTTGTTTCAACATTTGTTT,unused44,clade16,clade20,clade01,clade01 ,clade01,clade02,clade02,clade02,clade02,unused38
Arachnida_Zotu52_P1_E02_21MMC3_S517_N701,0,0,0,0,0,0,0,0,72,0,0,0,0,0,0,0,0,0,0,0,0,0,81,0,0,0,0,0,0,0,92,Arachnida_Zotu52_P1_E02_21MMC3_S517_N701,AATAAACAATTTAAGATTTTGGCTACTCCCTCCTTCTTTATTATTGTTATTTATTTCTAGAATGGATGAAATAGGGGTTGGGGCAGGATGAACAGTGTATCCCCCTCTTGCATCTTTAGATGGGCATTCTGGAAGTTCTGTAGATTTTGCAATTTTTTCTTTACATTTAGCTGGAGCATCTTCTATCATAGGAGCAATTAATTTTATTTCTACTATTTTAAATATGCGAGGTTATGGAATAAGAATAGAAAAAGTTCCTTTGTTTGTGTGATCTGTATTAATTACTGCTGTTTTATTATTATTATCTTTACCAGTTTTAGCAGGAGCTATTACGATATTATTAACTGATCGTAATTTTAATACATCATTTTTTGATCCTTCTGGAGGAGGAGACCCTGTATTGTTTCAACACTTATTT,unused45,unused34,clade11,clade14,clade16 ,clade20,clade09,clade10,clade12,clade15,unused39
Arachnida_Zotu69_P1_E02_21MMC3_S517_N701,0,0,0,0,0,0,0,0,44,0,0,0,0,0,0,0,0,0,0,0,0,0,51,0,0,0,0,0,0,0,109,Arachnida_Zotu69_P1_E02_21MMC3_S517_N701,TATAAATAATTTGAGATTCTGATTATTACCCCCTTCATTGATTTTATTATTTATATCTTCTATGGCTGAGATAGGGGTTGGAGCGGGGTGGACTGTTTATCCTCCTTTATCTTCAGTAATTGGTCATAGTGGTAGAGCTATAGATTTTGCTATTTTTTCGTTACATTTAGCTGGAGCTTCATCTATTATAGGATCAATTAATTTTATTTCTACTATTATAAATATACGTTCTAGAGGAATGAGAATGGAAAAGGTATCTTTATTTGTATGATCAGTACTTATTACTACGATTTTATTATTATTATCTTTACCGGTGTTGGCTGGCGCTATTACAATATTGTTAACTGATCGAAATTTTAATACATCTTTTTTTGATCCTGCTGGAGGAGGTGATCCGATTTTATTTCAACATTTGTTT,unused47,unused35,unused32,unused31,unused29,unused24,unused21,unused19,unused16,clade13,unused40
Arachnida_Zotu73_P1_E02_21MMC3_S517_N701,0,0,0,0,0,0,0,0,39,0,0,0,0,0,0,0,0,0,0,0,0,0,68,0,0,0,0,0,0,0,95,Arachnida_Zotu73_P1_E02_21MMC3_S517_N701,TATAAATAATTTAAGATTTTGATTATTACCACCTTCATTAATTTTATTATTTGTATCTTCTATAGCTGAAATAGGGGTAGGAGCAGGGTGGACTGTATATCCTCCTTTAGCTTCTAGAGTAGGTCATTCTGGTAGCGCTATGGATTTTGCTATTTTTTCTTTACATTTAGCTGGAGCTTCTTCTATTATAGGGTCTATTAATTTTATTTCAACTATTATTAATATGCGTTCTTATGGAATAAGTATAGAGAAAGTACCTTTGTTTGTATGATCTGTATTTATTACTACTATTTTGTTGTTATTATCTTTACCTGTTTTGGCGGGGGCTATTACTATATTATTAACTGATCGTAATTTTAATACTTCTTTTTTTGATCCTGCTGGAGGAGGTGATCCAATTTTATTTCAACATTTATTT,unused48,unused36,unused33,clade08,clade08 ,clade08,clade11,clade12,clade14,clade13,unused41
Arachnida_Zotu75_P2_D03_12MMOC3R_S504_N708,0,0,0,0,0,0,0,0,0,0,0,0,0,0,0,0,0,0,0,83,0,0,0,0,0,0,0,0,0,0,113,Arachnida_Zotu75_P2_D03_12MMOC3R_S504_N708,GATGAATAATTTAAGATTTTGGTTACTCCCCCCCTCCCTTTTTTTATTATTTATCTCATCTATAGTAGATGTCGGAGTAGGGGCGGGGTGGACTGTGTATCCCCCTCTTGCTTCTTTAGACGGGCATCCTGGGAGATCCGTGGATTTTGCAATTTTTTCTCTTCATTTAGCAGGGGCTTCTTCTATTATAGGGGCGATTAATTTTATTTCTACGATTATCAATATACGGATAAGAGGGGTTACTATGGAAAAAGTCCCTCTTTTTGTGTGATCAGTACTAATTACTGCTGTTTTATTATTATTATCTTTACCTGTTCTTGCAGGGGCTATTACTATACTGCTTACGGATCGAAATTTTAATACGTCTTTTTTCGACCCTTCAGGGGGAGGGGACCCGGTATTGTTTCAACATTTATTT,unused49,clade21,clade21,clade01,clade01 ,clade01,clade02,clade02,clade02,clade02,unused42
Arachnida_Zotu78_P2_A01_16IZPOC1_S502_N707,0,0,0,0,0,0,0,0,0,0,0,0,0,0,27,0,0,13,17,0,0,0,0,0,0,0,0,0,0,0,93,Arachnida_Zotu78_P2_A01_16IZPOC1_S502_N707,TATAAATAATTTAAGATTTTGATTATTACCACCTTCATTAATTTTATTATTTGTATCTTCTATAGCTGAAATAGGGGTGGGAGCTGGGTGAACTGTATATCCTCCTTTAGCTTCTAGAGTAGGTCATTCTGGTAGAGCTATGGATTTTGCTATTTTTTCTTTACATTTAGCTGGAGCTTCTTCTATTATAGGGTCTATTAATTTTATTTCAACTATTATTAATATACGTTCTTATGGAATAAGTATAGAGAAGGTACCTTTGTTTGTATGATCCGTATTTATTACTACTATTTTGTTATTACTATCTTTACCTGTTTTAGCAGGGGCTATTACTATATTGTTAACTGATCGTAATTTTAATACTTCTTTTTTTGATCCTGCTGGTGGAGGGGATCCAATTTTATTTCAACATTTATTT,unused50,clade17,clade22,clade08,clade08 ,clade08,clade11,clade12,clade14,clade13,unused43
Arachnida_Zotu85_P1_G01_8IZTPOCR_S505_N701,0,0,0,0,0,0,0,0,0,0,0,0,24,0,0,0,0,0,0,0,0,0,0,0,0,0,0,0,0,0,99,Arachnida_Zotu85_P1_G01_8IZTPOCR_S505_N701,TATAAATAATTTAAGTTTTTGGTTATTACCTCCTTCCCTACTTATGTTATTTATTTCATCTATAGTTGAGATGGGAGTAGGGTCAGGATGGACAGTGTATCCTCCTTTGGCTTCTCTAGAAGGACATTCAGGGTCATCTGTGGATTTCGCTATTTTTTCTTTACATTTAGCTGGGGCATCTTCTATTATAGGGGCAATTAATTTTATTTCAACTATTTTAAATATGCGGGTATATGGAGTCAGTTTAGAAAAAATACCTTTATTTGTTTGATCAGTATTAATTACTGCTGTCCTTTTATTACTATCTTTACCTGTTTTAGCAGGTGCTATTACTATATTATTAACTGATCGAAATTTTAATACTTCTTTTTTTGACCCTGCAGGGGGGGGAGATCCGGTTTTGTTTCAACATTTATTT,unused51,unused37,clade02,clade04,clade04 ,clade04,clade05,clade05,clade06,clade06,unused44
Arachnida_Zotu93_P1_G01_8IZTPOCR_S505_N701,0,0,0,0,0,0,0,0,0,0,0,0,20,0,0,0,0,0,0,0,0,0,0,0,0,0,0,0,0,0,97,Arachnida_Zotu93_P1_G01_8IZTPOCR_S505_N701,TATAAATAATTTAAGATTTTGATTATTACCTCCTTCTTTATTTTTACTTGTAACTTCATCTATAGTAGAAATAGGTGTTGGGGCAGGCTGGACAGTTTATCCTCCTTTAGCTAGATTAGAGGGCCATTCAGGAAGATCTGTGGATTTTGCTATTTTTTCTTTACATTTAGCCGGTGCTTCTTCTATTATAGGTGCTATTAATTTTATTTCTACAATTATTAATATACGCTTTTATGGAATAACTATAGAAAAAGTTCCTTTGTTTGTTTGGTCTGTTTTAATTACTGCTGTATTACTTCTTCTTTCTTTACCTGTATTGGCAGGTGCTATTACTATATTATTAACGGATCGAAATTTTAATACTTCTTTTTTTGATCCTTCTGGTGGAGGGGATCCCATTTTATTTCAACACCTTTTT,unused52,unused38,unused34,unused32,unused30,unused25,unused22,unused20,unused17,unused12,unused45
Arachnida_Zotu95_P1_G01_8IZTPOCR_S505_N701,0,0,0,0,0,0,1,0,0,0,0,0,19,0,0,0,0,0,0,0,0,0,1,0,0,0,0,0,0,0,114,Arachnida_Zotu95_P1_G01_8IZTPOCR_S505_N701,GATGAATAATTTAAGATTTTGGTTACTCCCCCCTTCCCTTTTTATATTATTTATTTCATCTATAGTAGATGCCGGAGTAGGGGCGGGGTGGACTATGTATCCCCCTCTTGCGTCTTTAGACGGGCATCCTGGGAGATCCGTGGATTTTGCAATTTTTTCTCTTCATTTAGCAGGGGCTTCTTCTATTATAGGGGCGATCAATTTTATTTCTACGATTATTAATATACGGATAAGAGGGGTTACTATGGAAAAAGTCCCTCTTTTTGTGTGATCAGTATTAATTACTGCTGTTTTATTATTATTATCTTTACCTGTTCTTGCAGGGGCTATTACTATACTGCTTACGGATCGAAATTTTAATACGTCTTTTTTCGATCCTTCAGGGGGAGGGGACCCGGTATTGTTTCAACATTTATTT,unused53,unused39,clade21,clade01,clade01 ,clade01,clade02,clade02,clade02,clade02,unused46
