OTU_ID_Coleoptera,P1_A01_32TCONS2_S502_N701,P1_A04_10MMOC3J_S507_N702,P1_B07_1SHC5C2P_S504_N704,P1_B09_9MMC3P_S505_N705,P1_C03_29TRE808_S504_N702,P1_C07_6IZPOC1J_S505_N704,P1_C11_7IZPOC1W_S506_N706,P1_D05_13SHC4C1_S505_N703,P1_D10_4SHC5C2R_S502_N706,P1_E02_21MMC3_S517_N701,P1_E03_55TRE137_S505_N702,P1_F07_5IZPOC1P_S507_N704,P1_F08_41TDIST2_S503_N705,P1_G01_8IZTPOCR_S505_N701,P1_H04_19MMC1_S503_N703,P2_A01_16IZPOC1_S502_N707,P2_A03_11MMOC3W_S502_N708,P2_B05_16IZPOC1a_S507_N709,P2_C05_16IZPOC1b_S508_N709,P2_D03_12MMOC3R_S504_N708,P2_D04_21MMC3a_S517_N708,P2_E04_21MMC3b_S502_N709,P2_E05_41TDIST2b_S502_N710,P2_F04_29TRE808a_S503_N709,P2_G03_2SHCN5C2J_S506_N708,P2_G04_29TRE808b_S504_N709,P2_G05_13SHC4a_S504_N710,P2_H04_55TRE137a_S505_N709,P2_H05_19MMC1a_S505_N710,V1 ,V2,V3 ,all.table.info.cladeAZ[, 1],"all.table.info.cladeAZ[, 3] ",all.table.info.cladeAZ[, 1],"all.table.info.cladeAZ[, 3] ",all.table.info.cladeAZ[, 1],"all.table.info.cladeAZ[, 3] ",all.table.info.cladeAZ[, 1],"all.table.info.cladeAZ[, 3] ",all.table.info.cladeAZ[, 1],"all.table.info.cladeAZ[, 3] ",all.table.info.cladeAZ[, 1],"all.table.info.cladeAZ[, 3] ",all.table.info.cladeAZ[, 1],"all.table.info.cladeAZ[, 3] ",all.table.info.cladeAZ[, 1],"all.table.info.cladeAZ[, 3] ",all.table.info.cladeAZ[, 1],"all.table.info.cladeAZ[, 3] "
Zotu100_P1_D05_13SHC4C1_S505_N703,0,0,0,0,0,0,0,49,0,0,0,0,0,0,0,0,0,0,0,0,0,0,0,0,0,0,13,0,0,69,>Zotu100_P1_D05_13SHC4C1_S505_N703;size=2,GGATAAATAATATAAGGTTTTGGCTTTTACCCCCAGCCCTAACCCTGTTATTAATGGGAGGAATAGTTGAAAGGGGGGCAGGAACAGGATGAACGGTTTATCCACCTTTAGCTTCTTCTATTGCTCACTCGGGGGCTTCAGTAGATTTAACTATTTTCAGTCTTCATTTAGCTGGAGTGTCTTCCATCCTTGGAGCCATTAACTTTATTACAACTATTATTAATATACGAGCACCTGGAATAAGATGAGATTTAACACCTCTATTTGTGTGATCTGTATATATTACAGCAATCCTCTTACTACTATCTTTACCTGTCCTGGCTGGTGCCATTACAATACTTTTAACGGACCGAAATCTCAATACTACATTTTTTGACCCAGCGGGGGGGGGAGATCCTATTCTTTATCAACACTTATTTT ,unused_limite0.005,>Zotu100_P1_D05_13SHC4C1_S505_N703;size=2 ,unused_limite0.01,>Zotu100_P1_D05_13SHC4C1_S505_N703;size=2 ,unused_limite0.015,>Zotu100_P1_D05_13SHC4C1_S505_N703;size=2 ,unused_limite0.02,>Zotu100_P1_D05_13SHC4C1_S505_N703;size=2 ,unused_limite0.025,>Zotu100_P1_D05_13SHC4C1_S505_N703;size=2 ,unused_limite0.03,>Zotu100_P1_D05_13SHC4C1_S505_N703;size=2 ,unused_limite0.04,>Zotu100_P1_D05_13SHC4C1_S505_N703;size=2 ,unused_limite0.05,>Zotu100_P1_D05_13SHC4C1_S505_N703;size=2 ,unused_limite0.06,>Zotu100_P1_D05_13SHC4C1_S505_N703;size=2 ,unused_limite0.075,>Zotu100_P1_D05_13SHC4C1_S505_N703;size=2 ,unused_limite0.075,>Zotu100_P1_D05_13SHC4C1_S505_N703;size=2 ,unused_limite0.075,>Zotu100_P1_D05_13SHC4C1_S505_N703;size=2 ,unused_limite0.006644635,,
Zotu102_P1_E02_21MMC3_S517_N701,0,0,0,0,0,0,0,0,0,25,0,0,0,0,0,0,0,0,0,0,0,34,0,0,0,0,0,0,0,64,>Zotu102_P1_E02_21MMC3_S517_N701;size=2,GTATAAATAACATAAGATTTTGATTATTACCCCCTTCCTTAAGTCTTCTTTTAATAAGAAGACTAGTCGAAAGGGGGGCCGGAACCGGTTGAACTGTTTACCCCCCTTTATCAGCTAATATTGCCCACAGAGGGGCCTCAGTAGATTTAGCTATTTTTAGACTACATCTTGCTGGAATTTCCTCAATTTTAGGAGCAGTAAATTTCATTACTACAGTAATTAATATACGATCAACAGGAATAACCTTTGATCGAATACCCCTATTTGTTTGGTCTGTTGCTTTAACTGCCTTATTACTACTTTTATCATTACCTGTTTTAGCGGGAGCAATCACTATACTCCTAACTGATCGAAATATTAATACCTCTTTTTTTGATCCGGCCGGAGGTGGAGACCCAATCTTATACCAACATTTATTTT ,unused_limite0.005,>Zotu102_P1_E02_21MMC3_S517_N701;size=2 ,unused_limite0.01,>Zotu102_P1_E02_21MMC3_S517_N701;size=2 ,unused_limite0.015,>Zotu102_P1_E02_21MMC3_S517_N701;size=2 ,unused_limite0.02,>Zotu102_P1_E02_21MMC3_S517_N701;size=2 ,unused_limite0.025,>Zotu102_P1_E02_21MMC3_S517_N701;size=2 ,unused_limite0.03,>Zotu102_P1_E02_21MMC3_S517_N701;size=2 ,unused_limite0.04,>Zotu102_P1_E02_21MMC3_S517_N701;size=2 ,unused_limite0.05,>Zotu102_P1_E02_21MMC3_S517_N701;size=2 ,unused_limite0.06,>Zotu102_P1_E02_21MMC3_S517_N701;size=2 ,unused_limite0.075,>Zotu102_P1_E02_21MMC3_S517_N701;size=2 ,unused_limite0.075,>Zotu102_P1_E02_21MMC3_S517_N701;size=2 ,unused_limite0.075,>Zotu102_P1_E02_21MMC3_S517_N701;size=2 ,unused_limite0.006644635,,
Zotu109_P2_B05_16IZPOC1a_S507_N709,0,0,0,0,0,1,0,0,0,0,0,0,0,0,0,41,0,9,25,0,0,0,0,0,0,0,0,0,0,33,>Zotu109_P2_B05_16IZPOC1a_S507_N709;size=1,GTTTAAATAATATAAGATTCTGACTTCTCCCTCCATCACTTTCTCTATTATTGATAAGAAGAATCGTTGATAAAGGAGCTGGAACTGGGTGAACTGTATATCCCCCTCTTTCGGCAAATATTGCTCATGAAGGAGCCTCAGTGGATTTAGCCATCTTTAGCCTTCATATAGCAGGAATATCATCAATTTTAGGTGCAATTAACTTTATTTCAACAATTATTAATATACGTCCAACAGGAATAACCCTAGATCGTATACCTTTATTTGTATGAGCCGTAAAAATTACTGCAATCCTATTACTTCTATCTCTTCCAGTATTGGCAGGAGCTATCACCATACTACTTACCGACCGTAATGTCAACACGTCATTCTTTGACCCAGCCGGAGGGGGCGATCCTATTCTTTACCAACACTTATTCT ,clade12_limite0.005,>Zotu109_P2_B05_16IZPOC1a_S507_N709;size=1 ,clade15_limite0.01,>Zotu109_P2_B05_16IZPOC1a_S507_N709;size=1 ,clade15_limite0.015,>Zotu109_P2_B05_16IZPOC1a_S507_N709;size=1 ,clade15_limite0.02,>Zotu109_P2_B05_16IZPOC1a_S507_N709;size=1 ,clade10_limite0.025,>Zotu109_P2_B05_16IZPOC1a_S507_N709;size=1 ,clade11_limite0.03,>Zotu109_P2_B05_16IZPOC1a_S507_N709;size=1 ,clade11_limite0.04,>Zotu109_P2_B05_16IZPOC1a_S507_N709;size=1 ,clade12_limite0.05,>Zotu109_P2_B05_16IZPOC1a_S507_N709;size=1 ,clade13_limite0.06,>Zotu109_P2_B05_16IZPOC1a_S507_N709;size=1 ,clade2_limite0.075,>Zotu109_P2_B05_16IZPOC1a_S507_N709;size=1 ,clade2_limite0.075,>Zotu109_P2_B05_16IZPOC1a_S507_N709;size=1 ,clade2_limite0.075,>Zotu109_P2_B05_16IZPOC1a_S507_N709;size=1 ,clade15_limite0.006644635,,
Zotu113_P2_A01_16IZPOC1_S502_N707,0,0,0,0,0,0,0,0,0,0,0,0,0,0,0,17,0,0,9,0,0,0,0,0,0,0,0,0,0,27,>Zotu113_P2_A01_16IZPOC1_S502_N707;size=2,GAATAAATAATATAAGATTTTGGCTTTTACCACCTTCTTTAACTCTATTATTAATAAGAAGAATTGTAGATAAAGGAGCTGGAACTGGTTGAACAGTTTATCCACCTTTATCCACTAATATTGCCCATGAAGGAGCTTCTATTGACTTAGCAATTTTTAGACTCCATATAGCAGGAGTCTCATCTATTTTAGGAGCCATTAATTTTATTTCAACAGTAATAAACATACGACCAAACGGAATATTTCTAGATCGTATATCATTATTTATCTGAGCTGTAAAAATTACAGCCATTTTATTACTTCTTTCACTTCCTGTTCTAGCTGGAGCTATCACTATATTACTTACTGACCGAAATATTAATACATCATTTTTTGACCCTGCTGGAGGAGGAGACCCAATTTTATACCAGCATTTATTCT ,clade9_limite0.005,>Zotu113_P2_A01_16IZPOC1_S502_N707;size=2 ,clade10_limite0.01,>Zotu113_P2_A01_16IZPOC1_S502_N707;size=2 ,clade12_limite0.015,>Zotu113_P2_A01_16IZPOC1_S502_N707;size=2 ,clade12_limite0.02,>Zotu113_P2_A01_16IZPOC1_S502_N707;size=2 ,clade13_limite0.025,>Zotu113_P2_A01_16IZPOC1_S502_N707;size=2 ,clade14_limite0.03,>Zotu113_P2_A01_16IZPOC1_S502_N707;size=2 ,clade14_limite0.04,>Zotu113_P2_A01_16IZPOC1_S502_N707;size=2 ,clade9_limite0.05,>Zotu113_P2_A01_16IZPOC1_S502_N707;size=2 ,clade9_limite0.06,>Zotu113_P2_A01_16IZPOC1_S502_N707;size=2 ,clade10_limite0.075,>Zotu113_P2_A01_16IZPOC1_S502_N707;size=2 ,clade10_limite0.075,>Zotu113_P2_A01_16IZPOC1_S502_N707;size=2 ,clade10_limite0.075,>Zotu113_P2_A01_16IZPOC1_S502_N707;size=2 ,clade9_limite0.006644635,,
Zotu115_P1_E02_21MMC3_S517_N701,0,0,0,0,0,0,0,0,0,18,0,0,0,0,0,0,0,0,0,0,37,0,0,0,0,0,0,0,0,56,>Zotu115_P1_E02_21MMC3_S517_N701;size=2,GAATAAACAATATAAGATTCTGATTACTTCCTCCTTCATTGACTCTTTTATTAATAAGAAGAATAGTAGAAAGAGGGGCAGGAACTGGGTGAACAGTATACCCCCCCTTATCTGCTAATATTGCTCATAGAGGACCCTCAGTTGATTTAGCAATTTTTAGTCTTCATTTAGCAGGTATTTCTTCAATTTTAGGAGCAGTAAATTTTATTACTACTGTAATTAATATACGAGCATCAGGGATACACTTTGATCGAATACCTTTATTTATTTGATCAGTAGCTATTACAGCTTTATTGCTATTACTTTCATTACCAGTATTAGCAGGAGCTATTACAATATTACTCACAGATCGTAACTTAAATACCTCATTTTTTGATCCTGCTGGAGGAGGAGATCCTATTTTGTATCAACATTTGTTTT ,unused_limite0.005,>Zotu115_P1_E02_21MMC3_S517_N701;size=2 ,unused_limite0.01,>Zotu115_P1_E02_21MMC3_S517_N701;size=2 ,unused_limite0.015,>Zotu115_P1_E02_21MMC3_S517_N701;size=2 ,unused_limite0.02,>Zotu115_P1_E02_21MMC3_S517_N701;size=2 ,unused_limite0.025,>Zotu115_P1_E02_21MMC3_S517_N701;size=2 ,unused_limite0.03,>Zotu115_P1_E02_21MMC3_S517_N701;size=2 ,unused_limite0.04,>Zotu115_P1_E02_21MMC3_S517_N701;size=2 ,unused_limite0.05,>Zotu115_P1_E02_21MMC3_S517_N701;size=2 ,unused_limite0.06,>Zotu115_P1_E02_21MMC3_S517_N701;size=2 ,unused_limite0.075,>Zotu115_P1_E02_21MMC3_S517_N701;size=2 ,unused_limite0.075,>Zotu115_P1_E02_21MMC3_S517_N701;size=2 ,unused_limite0.075,>Zotu115_P1_E02_21MMC3_S517_N701;size=2 ,unused_limite0.006644635,,
Zotu118_P1_C03_29TRE808_S504_N702,0,0,0,0,9,0,0,0,0,0,0,0,0,0,0,0,0,0,0,0,0,0,0,7,0,0,0,0,0,53,>Zotu118_P1_C03_29TRE808_S504_N702;size=2,GAATAAATAATATAAGTTTTTGACTACTTCCCCCTTCATTAACACTTCTTTTAATAAGAAGAATAGTGGAGAGAGGAGCTGGCACTGGATGAACAGTTTACCCCCCCCTCTCATCAGGAATTGCCCATGCTGGAGCTTCAGTTGATTTAGCTATTTTTAGATTACATTTAGCAGGAGTATCTTCAATTTTAGGAGCTGTGAATTTTATTACAACAATTATTAATATACGATCAATCGGGATAACTTTTGATCGAATACCTTTATTTGTATGATCAGTAGGAATTACTGCTTTATTATTACTTTTATCATTACCAGTATTAGCTGGAGCCATTACAATATTATTAACAGATCGAAATTTAAATACTTCATTTTTTGACCCGGCAGGAGGAGGAGATCCAATTTTATATCAACATTTATTTT ,unused_limite0.005,>Zotu118_P1_C03_29TRE808_S504_N702;size=2 ,clade13_limite0.01,>Zotu118_P1_C03_29TRE808_S504_N702;size=2 ,clade6_limite0.015,>Zotu118_P1_C03_29TRE808_S504_N702;size=2 ,clade6_limite0.02,>Zotu118_P1_C03_29TRE808_S504_N702;size=2 ,clade6_limite0.025,>Zotu118_P1_C03_29TRE808_S504_N702;size=2 ,clade7_limite0.03,>Zotu118_P1_C03_29TRE808_S504_N702;size=2 ,clade7_limite0.04,>Zotu118_P1_C03_29TRE808_S504_N702;size=2 ,clade7_limite0.05,>Zotu118_P1_C03_29TRE808_S504_N702;size=2 ,clade7_limite0.06,>Zotu118_P1_C03_29TRE808_S504_N702;size=2 ,clade8_limite0.075,>Zotu118_P1_C03_29TRE808_S504_N702;size=2 ,clade8_limite0.075,>Zotu118_P1_C03_29TRE808_S504_N702;size=2 ,clade8_limite0.075,>Zotu118_P1_C03_29TRE808_S504_N702;size=2 ,clade12_limite0.006644635,,
Zotu119_P1_C03_29TRE808_S504_N702,0,0,0,0,8,0,0,0,0,0,0,0,0,0,0,0,0,0,0,0,0,0,0,0,0,0,0,0,0,61,>Zotu119_P1_C03_29TRE808_S504_N702;size=1,GAATAAATAACATAAGATTTTGACTATTACCACCATCTCTAACATTACTTTTAATAAGAAGAATTGTAGAAACAGGAGCAGGAACTGGATGAACAGTGTACCCCCCACTATCATCAAATATTGCTCATAGAGGATCTTCCGTAGATTTAGCTATTTTTAGATTACATTTAGCAGGTATTAGATCAATTTTAGGTGCAGTAAACTTTATTACTACAGTTATTAATATACGACCAATAGGAATAACTTTAGATCGAACCCCCCTTTTTGTTTGAGCAGTTATTATTACTGCCACTCTTTTACTTTTATCACTTCCAGTTTTAGCTGGAGCTATCACCATACTTTTAACAGATCGTAATTTAAATACTTCATTTTTTGACCCAGCTGGAGGAGGAGACCCTATTTTGTACCAACATTTATTTT ,unused_limite0.005,>Zotu119_P1_C03_29TRE808_S504_N702;size=1 ,unused_limite0.01,>Zotu119_P1_C03_29TRE808_S504_N702;size=1 ,unused_limite0.015,>Zotu119_P1_C03_29TRE808_S504_N702;size=1 ,unused_limite0.02,>Zotu119_P1_C03_29TRE808_S504_N702;size=1 ,unused_limite0.025,>Zotu119_P1_C03_29TRE808_S504_N702;size=1 ,unused_limite0.03,>Zotu119_P1_C03_29TRE808_S504_N702;size=1 ,unused_limite0.04,>Zotu119_P1_C03_29TRE808_S504_N702;size=1 ,unused_limite0.05,>Zotu119_P1_C03_29TRE808_S504_N702;size=1 ,unused_limite0.06,>Zotu119_P1_C03_29TRE808_S504_N702;size=1 ,unused_limite0.075,>Zotu119_P1_C03_29TRE808_S504_N702;size=1 ,unused_limite0.075,>Zotu119_P1_C03_29TRE808_S504_N702;size=1 ,unused_limite0.075,>Zotu119_P1_C03_29TRE808_S504_N702;size=1 ,unused_limite0.006644635,,
Zotu120_P1_A01_32TCONS2_S502_N701,14,0,0,0,0,0,0,0,0,0,0,0,0,0,0,0,0,0,0,0,0,0,0,0,1,0,0,0,0,10,>Zotu120_P1_A01_32TCONS2_S502_N701;size=1,GAATAAATAATATAAGATTTTGACTACTTCCCCCGTCATTAACTTTATTATTGATAAGAAGAATAGTAGAAAGTGGAGCAGGGACAGGATGAACAGTTTATCCACCTCTTTCTTCTAATATTGCCCATGGTGGAGCCTCAGTTGATTTAGCTATTTTTAGATTACATCTAGCAGGGATTTCATCTATTCTTGGTGCTGTAAATTTTATTACTACAGTAATCAATATACGATCAATCGGAATAACATTTGATCGAATAGCATTATTTATTTGATCAGTTGCTATTACTGCTCTTCTTTTACTTCTCTCTCTCCCTGTATTAGCCGGAGCAATCACAATGCTTTTAACAGACCGAAATCTTAATACTAGTTTTTTTGATCCTGCTGGAGGAGGAGATCCTATTTTATACCAACACTTATTTT ,clade5_limite0.005,>Zotu120_P1_A01_32TCONS2_S502_N701;size=1 ,clade5_limite0.01,>Zotu120_P1_A01_32TCONS2_S502_N701;size=1 ,clade7_limite0.015,>Zotu120_P1_A01_32TCONS2_S502_N701;size=1 ,clade7_limite0.02,>Zotu120_P1_A01_32TCONS2_S502_N701;size=1 ,clade7_limite0.025,>Zotu120_P1_A01_32TCONS2_S502_N701;size=1 ,clade8_limite0.03,>Zotu120_P1_A01_32TCONS2_S502_N701;size=1 ,clade8_limite0.04,>Zotu120_P1_A01_32TCONS2_S502_N701;size=1 ,clade8_limite0.05,>Zotu120_P1_A01_32TCONS2_S502_N701;size=1 ,clade8_limite0.06,>Zotu120_P1_A01_32TCONS2_S502_N701;size=1 ,clade9_limite0.075,>Zotu120_P1_A01_32TCONS2_S502_N701;size=1 ,clade9_limite0.075,>Zotu120_P1_A01_32TCONS2_S502_N701;size=1 ,clade9_limite0.075,>Zotu120_P1_A01_32TCONS2_S502_N701;size=1 ,clade5_limite0.006644635,,
Zotu122_P1_A01_32TCONS2_S502_N701,13,0,0,0,0,0,0,0,0,0,0,0,0,0,19,0,0,0,0,0,0,0,0,0,0,0,0,0,0,68,>Zotu122_P1_A01_32TCONS2_S502_N701;size=2,GAATAAATAACATAAGATTCTGACTTCTACCTCCATCACTTATACTATTAACATTAGGTGCATTAGTTGAAAGGGGGGCAGGTACAGGATGAACAGTATACCCCCCTCTTTCATCCACTGCTTCACACGGTGGGGCTTCAGTAGATTTAACTATTTTTAGCCTTCATTTGGCTGGGGCTTCCTCTATCTTAGGGGCGGTCAATTTCATTACTACAACAATCAATATGCGAACTATTGGTATAAGCTGAAACTTAACACCACTATTTACATGATCTGTTCTTATTACGGCAATTTTATTACTTTTATCGTTACCTGTTTTAGCTGGGGCTATTACAATGTTACTAACTGACCGTAACCTAAACACCTCTTTTTTTGACCCTGGGGGTGGGGGGGACCCAATTTTATACCAACACTTATTCT ,unused_limite0.005,>Zotu122_P1_A01_32TCONS2_S502_N701;size=2 ,unused_limite0.01,>Zotu122_P1_A01_32TCONS2_S502_N701;size=2 ,unused_limite0.015,>Zotu122_P1_A01_32TCONS2_S502_N701;size=2 ,unused_limite0.02,>Zotu122_P1_A01_32TCONS2_S502_N701;size=2 ,unused_limite0.025,>Zotu122_P1_A01_32TCONS2_S502_N701;size=2 ,unused_limite0.03,>Zotu122_P1_A01_32TCONS2_S502_N701;size=2 ,unused_limite0.04,>Zotu122_P1_A01_32TCONS2_S502_N701;size=2 ,unused_limite0.05,>Zotu122_P1_A01_32TCONS2_S502_N701;size=2 ,unused_limite0.06,>Zotu122_P1_A01_32TCONS2_S502_N701;size=2 ,unused_limite0.075,>Zotu122_P1_A01_32TCONS2_S502_N701;size=2 ,unused_limite0.075,>Zotu122_P1_A01_32TCONS2_S502_N701;size=2 ,unused_limite0.075,>Zotu122_P1_A01_32TCONS2_S502_N701;size=2 ,unused_limite0.006644635,,
Zotu127_P1_E02_21MMC3_S517_N701,0,0,0,0,0,0,0,0,0,14,0,0,0,0,0,0,0,0,0,0,21,0,0,0,0,0,0,0,0,40,>Zotu127_P1_E02_21MMC3_S517_N701;size=2,GTCTTAATAATATAAGATTCTGATTCCTCCCTCCTTCATTAATATTCTTAATTATAAGAAGAATAGTAGAAAGAGGAGCAGGAACAGGGTGGACAGTTTATCCCCCTTTATCAGCTAACATCGCTCATAGAGGTCCCTCTGTTGATTTAGCAATTTTCAGTTTACATATAGCAGGAATTTCTTCAATTCTGGGTGCAGTTAATTTTATTTCTACAATTATAAATATACGTTCCCCAGGTATAAAATTTGATCAAATATCTCTTTTTATTTGATCAGTAGGAATTACTGCCCTATTGCTTCTCTTAAGACTCCCTGTCTTAGCGGGAGCAATTACTATACTTTTATCCGATCGAAATTTAAATACCTCTTTTTTTGACCCCTTGGGGGGAGGAGACCCTATTCTTTATCAACACTTATTCT ,clade14_limite0.005,>Zotu127_P1_E02_21MMC3_S517_N701;size=2 ,clade11_limite0.01,>Zotu127_P1_E02_21MMC3_S517_N701;size=2 ,clade13_limite0.015,>Zotu127_P1_E02_21MMC3_S517_N701;size=2 ,clade13_limite0.02,>Zotu127_P1_E02_21MMC3_S517_N701;size=2 ,clade14_limite0.025,>Zotu127_P1_E02_21MMC3_S517_N701;size=2 ,clade4_limite0.03,>Zotu127_P1_E02_21MMC3_S517_N701;size=2 ,clade4_limite0.04,>Zotu127_P1_E02_21MMC3_S517_N701;size=2 ,clade4_limite0.05,>Zotu127_P1_E02_21MMC3_S517_N701;size=2 ,clade4_limite0.06,>Zotu127_P1_E02_21MMC3_S517_N701;size=2 ,clade5_limite0.075,>Zotu127_P1_E02_21MMC3_S517_N701;size=2 ,clade5_limite0.075,>Zotu127_P1_E02_21MMC3_S517_N701;size=2 ,clade5_limite0.075,>Zotu127_P1_E02_21MMC3_S517_N701;size=2 ,clade10_limite0.006644635,,
Zotu129_P1_A01_32TCONS2_S502_N701,11,0,0,0,0,0,0,0,0,0,0,0,0,0,0,0,0,0,0,0,0,0,0,0,0,0,0,0,0,3,>Zotu129_P1_A01_32TCONS2_S502_N701;size=1,GAATAAATAACATAAGATTTTGATTATTACCTCCTTCTCTAACTTTACTTTTATTCAGCTCAATTGTAGAAAGAGGCGCTGGAACTGGGTGAACAGTTTATCCCCCACTTTCATCAAATATTGCTCATAGAGGATCTTCTGTAGATTTAGCAATTTTTAGATTACATTTAGCTGGAATTTCCTCAATTCTAGGAGCTGTAAATTTCATTACTACTGTAATTAATATACGACCTGCTGGAATGAGATTTGACAAAATACCTTTATTTGTTTGATCTGTTTTAATTACAGCAATTTTACTATTACTTTCTTTACCAGTACTTGCAGGGGCTATCACTATACTCTTAACTGACCGAAACTTAAATACATCTTTTTTTGATCCCGCTGGGGGCGGAGATCCAATTCTTTATCAACATTTATTCT ,clade2_limite0.005,>Zotu129_P1_A01_32TCONS2_S502_N701;size=1 ,clade2_limite0.01,>Zotu129_P1_A01_32TCONS2_S502_N701;size=1 ,clade2_limite0.015,>Zotu129_P1_A01_32TCONS2_S502_N701;size=1 ,clade2_limite0.02,>Zotu129_P1_A01_32TCONS2_S502_N701;size=1 ,clade2_limite0.025,>Zotu129_P1_A01_32TCONS2_S502_N701;size=1 ,clade2_limite0.03,>Zotu129_P1_A01_32TCONS2_S502_N701;size=1 ,clade2_limite0.04,>Zotu129_P1_A01_32TCONS2_S502_N701;size=1 ,clade2_limite0.05,>Zotu129_P1_A01_32TCONS2_S502_N701;size=1 ,clade2_limite0.06,>Zotu129_P1_A01_32TCONS2_S502_N701;size=1 ,clade3_limite0.075,>Zotu129_P1_A01_32TCONS2_S502_N701;size=1 ,clade3_limite0.075,>Zotu129_P1_A01_32TCONS2_S502_N701;size=1 ,clade3_limite0.075,>Zotu129_P1_A01_32TCONS2_S502_N701;size=1 ,clade2_limite0.006644635,,
Zotu132_P1_C03_29TRE808_S504_N702,0,0,0,0,7,0,0,0,0,0,0,0,0,0,0,0,0,0,0,0,0,0,0,35,0,0,0,0,0,5,>Zotu132_P1_C03_29TRE808_S504_N702;size=2,GATTAAATAATATAAGATTTTGACTTCTACCTCCATCCCTTACTCTTTTATTAATATCAAGAATTATTGATAAAGGGGCAGGAACTGGCTGAACAGTTTATCCTCCTTTAGCTTCTAATATTTCTCATGAAGGAGCTTCAGTAGATTTAGCAATTTTCAGACTACATATAGCAGGTGTTTCTTCTATTCTTGGGGCTATAAATTTTATTTCAACTATTATTAATATGTACCCAGCTGGAATAAAGCCAGATCAACTATCCCTATTTACTTGATCCGTAAAAATTACAGCAATTCTTCTTCTTCTTTCTCTTCCTGTTCTTGCCGGAGCAATTACTATATTATTAACAGATCGAAATATTAATACTACTTTTTTTGATCCTGCCGGCGGAGGAGATCCAATTTTATATCAACATTTATTTT ,clade3_limite0.005,>Zotu132_P1_C03_29TRE808_S504_N702;size=2 ,clade3_limite0.01,>Zotu132_P1_C03_29TRE808_S504_N702;size=2 ,clade4_limite0.015,>Zotu132_P1_C03_29TRE808_S504_N702;size=2 ,clade4_limite0.02,>Zotu132_P1_C03_29TRE808_S504_N702;size=2 ,clade4_limite0.025,>Zotu132_P1_C03_29TRE808_S504_N702;size=2 ,clade5_limite0.03,>Zotu132_P1_C03_29TRE808_S504_N702;size=2 ,clade5_limite0.04,>Zotu132_P1_C03_29TRE808_S504_N702;size=2 ,clade5_limite0.05,>Zotu132_P1_C03_29TRE808_S504_N702;size=2 ,clade5_limite0.06,>Zotu132_P1_C03_29TRE808_S504_N702;size=2 ,clade6_limite0.075,>Zotu132_P1_C03_29TRE808_S504_N702;size=2 ,clade6_limite0.075,>Zotu132_P1_C03_29TRE808_S504_N702;size=2 ,clade6_limite0.075,>Zotu132_P1_C03_29TRE808_S504_N702;size=2 ,clade3_limite0.006644635,,
Zotu134_P1_H04_19MMC1_S503_N703,3,0,0,0,0,0,0,0,0,0,0,0,0,0,5,0,0,0,0,0,0,0,0,0,0,0,0,0,0,71,>Zotu134_P1_H04_19MMC1_S503_N703;size=1,GAATAAACAACATAAGATTTTGACTTCTTCCACCATCTTTAACCTTACTATTAATTAGTTCAATGGTTGGTAGGGGAGCAGGAACAGGATGAACTGTTTACCCCCCGCTCTCAGCCAATATATCTCATTCAGGGCCATCAGTGGATCTAACTATTTTTAGTCTTCATCTAGCGGGGATCTCATCTATTATGGGCGCAATTAATTTTATTTCTACAGTGGTAAACATACGAACCATCGGTATGACATGGGATCGTATTCCATTGTTTGTGTGATCAGTGTTTATTACTGCCATTCTTCTGCTTCTTTCATTACCAGTATTGGCCGGTGCCATCACCATACTTCTGACGGACCGAAACCTAAACACCAGGTTTTTTGACCCAGCTGGAGGGGGAGACCCGATTTTATATCAACACTTATTTT ,unused_limite0.005,>Zotu134_P1_H04_19MMC1_S503_N703;size=1 ,unused_limite0.01,>Zotu134_P1_H04_19MMC1_S503_N703;size=1 ,unused_limite0.015,>Zotu134_P1_H04_19MMC1_S503_N703;size=1 ,unused_limite0.02,>Zotu134_P1_H04_19MMC1_S503_N703;size=1 ,unused_limite0.025,>Zotu134_P1_H04_19MMC1_S503_N703;size=1 ,unused_limite0.03,>Zotu134_P1_H04_19MMC1_S503_N703;size=1 ,unused_limite0.04,>Zotu134_P1_H04_19MMC1_S503_N703;size=1 ,unused_limite0.05,>Zotu134_P1_H04_19MMC1_S503_N703;size=1 ,unused_limite0.06,>Zotu134_P1_H04_19MMC1_S503_N703;size=1 ,unused_limite0.075,>Zotu134_P1_H04_19MMC1_S503_N703;size=1 ,unused_limite0.075,>Zotu134_P1_H04_19MMC1_S503_N703;size=1 ,unused_limite0.075,>Zotu134_P1_H04_19MMC1_S503_N703;size=1 ,unused_limite0.006644635,,
Zotu137_P1_H04_19MMC1_S503_N703,0,0,0,0,0,0,0,0,0,0,0,0,0,0,5,0,0,0,0,0,0,0,0,0,0,0,0,0,0,30,>Zotu137_P1_H04_19MMC1_S503_N703;size=1,GTATAAACAATATAAGATTTTGATTTTTACCGCCTTCCCTCATATTTTTATTAATAAGAAGAATAGTAGAAATAGGGGCAGGAACAGGATGAACCGTTTATCCCCCTTTATCCGCTAATATTGCTCATAGCGGACCATCAGTTGATTTAGCAATTTTTAGATTACATATAGCAGGAATTTCTTCAATACTAGGAGCAGTAAATTTTATTTCAACTATTATAAACATAAAACCCCCAAGAATAAAATTTGATCAAATACCTTTATTTGTTTGATCAGTAGGAATTACGGCTTTACTTTTATTGCTATCGTTACCTGTTTTAGCTGGAGCTATTACTATGCTTCTTTCTGATCGTAATCTAAATACATCCTTCTTTGATCCAATGGGAGGTGGTGACCCAATTCTTTATCAACATCTTTTTT ,clade11_limite0.005,>Zotu137_P1_H04_19MMC1_S503_N703;size=1 ,clade16_limite0.01,>Zotu137_P1_H04_19MMC1_S503_N703;size=1 ,clade3_limite0.015,>Zotu137_P1_H04_19MMC1_S503_N703;size=1 ,clade3_limite0.02,>Zotu137_P1_H04_19MMC1_S503_N703;size=1 ,clade3_limite0.025,>Zotu137_P1_H04_19MMC1_S503_N703;size=1 ,clade3_limite0.03,>Zotu137_P1_H04_19MMC1_S503_N703;size=1 ,clade3_limite0.04,>Zotu137_P1_H04_19MMC1_S503_N703;size=1 ,clade3_limite0.05,>Zotu137_P1_H04_19MMC1_S503_N703;size=1 ,clade3_limite0.06,>Zotu137_P1_H04_19MMC1_S503_N703;size=1 ,clade4_limite0.075,>Zotu137_P1_H04_19MMC1_S503_N703;size=1 ,clade4_limite0.075,>Zotu137_P1_H04_19MMC1_S503_N703;size=1 ,clade4_limite0.075,>Zotu137_P1_H04_19MMC1_S503_N703;size=1 ,clade14_limite0.006644635,,
Zotu141_P1_F08_41TDIST2_S503_N705,0,0,0,0,0,0,0,0,0,0,0,0,12,0,0,0,0,0,0,0,0,0,13,0,0,0,0,0,0,55,>Zotu141_P1_F08_41TDIST2_S503_N705;size=2,GAATAAATAATATAAGATTTTGATTATTGCCTCCCTCTTTATTTTTACTTATTATAAGAAGAATAGTAGAAAGAGGTGCTGGTACAGGTTGAACTGTTTATCCTCCTTTATCCTCAAATATTGCTCATGGAGGATCCTCAGTTGATTTAGCTATTTTTAGCCTCCATTTAGCTGGAATTTCCTCAATTTTAGGAGCAATTAACTTTATCACAACTGTAATTAATATACGACCAATAGGAATAACTTTAGATCGAATACCCTTATTTGTTTGAGCAGTAGTGATTACAGCTATTTTATTATTACTTTCTTTACCTGTTCTAGCAGGAGCTATTACTATACTACTAACTGATCGAAATTTAAATACAACCTTTTTTGATCCTGCTGGAGGAGGAGACCCTATTCTTTATCAACATTTATTTT ,unused_limite0.005,>Zotu141_P1_F08_41TDIST2_S503_N705;size=2 ,unused_limite0.01,>Zotu141_P1_F08_41TDIST2_S503_N705;size=2 ,unused_limite0.015,>Zotu141_P1_F08_41TDIST2_S503_N705;size=2 ,unused_limite0.02,>Zotu141_P1_F08_41TDIST2_S503_N705;size=2 ,unused_limite0.025,>Zotu141_P1_F08_41TDIST2_S503_N705;size=2 ,unused_limite0.03,>Zotu141_P1_F08_41TDIST2_S503_N705;size=2 ,unused_limite0.04,>Zotu141_P1_F08_41TDIST2_S503_N705;size=2 ,unused_limite0.05,>Zotu141_P1_F08_41TDIST2_S503_N705;size=2 ,unused_limite0.06,>Zotu141_P1_F08_41TDIST2_S503_N705;size=2 ,unused_limite0.075,>Zotu141_P1_F08_41TDIST2_S503_N705;size=2 ,unused_limite0.075,>Zotu141_P1_F08_41TDIST2_S503_N705;size=2 ,unused_limite0.075,>Zotu141_P1_F08_41TDIST2_S503_N705;size=2 ,unused_limite0.006644635,,
Zotu142_P1_G01_8IZTPOCR_S505_N701,0,0,0,0,0,0,0,0,0,0,0,0,0,7,0,0,0,0,0,0,0,0,0,0,0,0,0,0,0,23,>Zotu142_P1_G01_8IZTPOCR_S505_N701;size=1,GCCTTAATAACATAAGATTTTGACTTTTACCCCCCTCACTAACACTATTATTAATATCAAGAATTATTGATAAAGGAGCTGGAACTGGTTGAACAGTTTATCCCCCTTTATCAACTAATATTGCACATGAGGGTGCTTCTGTAGACTTAGCTATTTTTAGGCTACATATAGCAGGAATTTCTTCTATCTTAGGGGCAATAAACTTTATTTCAACAGTAATTAATATACGACCGGCTGGTATAAAACCTGATCGAATATCTTTATTTATTTGAGCAGTAAAAATTACAGCAATTTTATTGCTTCTGTCATTGCCCGTTTTAGCTGGAGCTATTACTATATTATTAACAGACCGAAATATTAATACTTCATTTTTTGACCCTGCCGGGGGAGGAGATCCTATTTTATACCAACATTTATTTT ,clade8_limite0.005,>Zotu142_P1_G01_8IZTPOCR_S505_N701;size=1 ,clade8_limite0.01,>Zotu142_P1_G01_8IZTPOCR_S505_N701;size=1 ,clade10_limite0.015,>Zotu142_P1_G01_8IZTPOCR_S505_N701;size=1 ,clade10_limite0.02,>Zotu142_P1_G01_8IZTPOCR_S505_N701;size=1 ,clade11_limite0.025,>Zotu142_P1_G01_8IZTPOCR_S505_N701;size=1 ,clade12_limite0.03,>Zotu142_P1_G01_8IZTPOCR_S505_N701;size=1 ,clade12_limite0.04,>Zotu142_P1_G01_8IZTPOCR_S505_N701;size=1 ,clade13_limite0.05,>Zotu142_P1_G01_8IZTPOCR_S505_N701;size=1 ,clade11_limite0.06,>Zotu142_P1_G01_8IZTPOCR_S505_N701;size=1 ,clade11_limite0.075,>Zotu142_P1_G01_8IZTPOCR_S505_N701;size=1 ,clade11_limite0.075,>Zotu142_P1_G01_8IZTPOCR_S505_N701;size=1 ,clade11_limite0.075,>Zotu142_P1_G01_8IZTPOCR_S505_N701;size=1 ,clade8_limite0.006644635,,
Zotu145_P1_G01_8IZTPOCR_S505_N701,0,0,0,0,0,0,0,0,0,0,0,0,0,6,0,0,0,0,0,0,0,0,0,0,0,0,0,0,0,24,>Zotu145_P1_G01_8IZTPOCR_S505_N701;size=1,GCCTTAATAACATAAGATTTTGACTTTTACCCCCCTCACTAACACTACTATTAATATCAAGAATTATTGATAAAGGAGCTGGAACTGGTTGAACAGTTTATCCCCCTTTATCAACTAATATTGCACATGAGGGTGCTTCTGTAGACTTAGCTATTTTTAGGCTACATATAGCAGGAATTTCTTCTATCTTAGGGGCAATAAACTTTATTTCAACAGTAATTAATATACGACCGGCTGGTATAAAACCTGATCGAATATCTTTATTTATTTGAGCAGTAAAAATTACAGCAATTTTATTGCTTCTGTCATTGCCCGTTTTAGCTGGAGCTATTACTATATTATTAACAGACCGAAATATTAATACTTCATTTTTTGACCCTGCCGGGGGAGGAGATCCTATTTTATACCAACATTTATTTT ,clade8_limite0.005,>Zotu145_P1_G01_8IZTPOCR_S505_N701;size=1 ,clade8_limite0.01,>Zotu145_P1_G01_8IZTPOCR_S505_N701;size=1 ,clade10_limite0.015,>Zotu145_P1_G01_8IZTPOCR_S505_N701;size=1 ,clade10_limite0.02,>Zotu145_P1_G01_8IZTPOCR_S505_N701;size=1 ,clade11_limite0.025,>Zotu145_P1_G01_8IZTPOCR_S505_N701;size=1 ,clade12_limite0.03,>Zotu145_P1_G01_8IZTPOCR_S505_N701;size=1 ,clade12_limite0.04,>Zotu145_P1_G01_8IZTPOCR_S505_N701;size=1 ,clade13_limite0.05,>Zotu145_P1_G01_8IZTPOCR_S505_N701;size=1 ,clade11_limite0.06,>Zotu145_P1_G01_8IZTPOCR_S505_N701;size=1 ,clade11_limite0.075,>Zotu145_P1_G01_8IZTPOCR_S505_N701;size=1 ,clade11_limite0.075,>Zotu145_P1_G01_8IZTPOCR_S505_N701;size=1 ,clade11_limite0.075,>Zotu145_P1_G01_8IZTPOCR_S505_N701;size=1 ,clade8_limite0.006644635,,
Zotu14_P1_A04_10MMOC3J_S507_N702,0,90,0,0,0,0,0,0,0,0,0,0,0,0,0,0,0,0,0,69,0,0,0,0,0,0,0,0,0,17,>Zotu14_P1_A04_10MMOC3J_S507_N702;size=2,GCCTTAATAACATAAGATTTTGACTTTTACCCCCCTCACTAACACTATTATTAATATCAAGAATTATTGATAAAGGGGCTGGAACTGGTTGAACAGTTTATCCCCCTTTATCAACTAATATTGCACATGAGGGTGCTTCTGTAGACTTAGCTATTTTTAGGCTACATATAGCAGGAATTTCTTCTATCTTAGGGGCAATAAACTTTATTTCAACAGTAATTAATATACGACCGGCTGGTATAAAACCTGATCGAATATCTTTATTTATTTGAGCAGTAAAAATTACAGCAATTTTATTGCTTCTGTCATTGCCCGTTTTAGCTGGGGCTATTACTATATTATTAACAGACCGAAATATTAATACTTCATTTTTTGACCCTGCCGGGGGAGGAGATCCTATTTTATACCAACATTTATTTT ,clade8_limite0.005,>Zotu14_P1_A04_10MMOC3J_S507_N702;size=2 ,clade8_limite0.01,>Zotu14_P1_A04_10MMOC3J_S507_N702;size=2 ,clade10_limite0.015,>Zotu14_P1_A04_10MMOC3J_S507_N702;size=2 ,clade10_limite0.02,>Zotu14_P1_A04_10MMOC3J_S507_N702;size=2 ,clade11_limite0.025,>Zotu14_P1_A04_10MMOC3J_S507_N702;size=2 ,clade12_limite0.03,>Zotu14_P1_A04_10MMOC3J_S507_N702;size=2 ,clade12_limite0.04,>Zotu14_P1_A04_10MMOC3J_S507_N702;size=2 ,clade13_limite0.05,>Zotu14_P1_A04_10MMOC3J_S507_N702;size=2 ,clade11_limite0.06,>Zotu14_P1_A04_10MMOC3J_S507_N702;size=2 ,clade11_limite0.075,>Zotu14_P1_A04_10MMOC3J_S507_N702;size=2 ,clade11_limite0.075,>Zotu14_P1_A04_10MMOC3J_S507_N702;size=2 ,clade11_limite0.075,>Zotu14_P1_A04_10MMOC3J_S507_N702;size=2 ,clade8_limite0.006644635,,
Zotu14_P1_C11_7IZPOC1W_S506_N706,0,0,0,0,0,0,214,0,0,0,0,0,0,0,0,11,0,3,12,0,0,0,0,0,2,0,0,0,0,41,>Zotu14_P1_C11_7IZPOC1W_S506_N706;size=3,GAATAAATAATATAAGATTTTGACTTCTACCGCCTTCTTTAACCTTATTATTAATAAGAAGAATTGTAGATAAAGGAGCTGGGACCGGTTGAACAGTTTACCCCCCTTTATCTGCTAATATCGCTCATGAAGGAGCTTCTGTTGATTTGGCAATTTTTAGACTTCACATAGCAGGAGTGTCGTCTATTTTAGGAGCTATTAATTTTATTTCAACAGTAATAAATATACGACCAAGTGGGATATTTTTAGATCGCGCATCCTTATTTATTTGAGCTGTAAAAATTACAGCCATTTTATTACTTCTTTCATTACCTGTTCTAGCCGGAGCTATTACTATATTACTTACTGACCGAAATATTAATACATCATTTTTTGATCCTGCTGGAGGAGGTGATCCTATTTTATACCAACATTTATTTT ,unused_limite0.005,>Zotu14_P1_C11_7IZPOC1W_S506_N706;size=3 ,unused_limite0.01,>Zotu14_P1_C11_7IZPOC1W_S506_N706;size=3 ,unused_limite0.015,>Zotu14_P1_C11_7IZPOC1W_S506_N706;size=3 ,unused_limite0.02,>Zotu14_P1_C11_7IZPOC1W_S506_N706;size=3 ,unused_limite0.025,>Zotu14_P1_C11_7IZPOC1W_S506_N706;size=3 ,unused_limite0.03,>Zotu14_P1_C11_7IZPOC1W_S506_N706;size=3 ,clade15_limite0.04,>Zotu14_P1_C11_7IZPOC1W_S506_N706;size=3 ,clade9_limite0.05,>Zotu14_P1_C11_7IZPOC1W_S506_N706;size=3 ,clade9_limite0.06,>Zotu14_P1_C11_7IZPOC1W_S506_N706;size=3 ,clade10_limite0.075,>Zotu14_P1_C11_7IZPOC1W_S506_N706;size=3 ,clade10_limite0.075,>Zotu14_P1_C11_7IZPOC1W_S506_N706;size=3 ,clade10_limite0.075,>Zotu14_P1_C11_7IZPOC1W_S506_N706;size=3 ,unused_limite0.006644635,,
Zotu150_P2_A01_16IZPOC1_S502_N707,0,0,0,0,0,0,0,0,0,0,0,0,0,0,0,11,0,0,13,0,0,0,0,0,0,0,0,0,0,63,>Zotu150_P2_A01_16IZPOC1_S502_N707;size=2,GAATAAACAATATAAGATTTTGATTACTTCCCCCATCATTATCTTTATTGTTAATAAGAAGAATAGTAGAAAGAGGGGCTGGAACAGGTTGAACTGTTTACCCACCTTTATCCTCTAATATTGCTCATGGTGGAGCTTCTGTAGATTTAGCAATTTTTAGACTTCATCTAGCTGGTATTTCATCAATCCTAGGAGCTGTAAATTTTATCACAACCGTAATTAATATACGTTCAATTGGAATAACTTTCGATCGAATACCTTTATTTGTTTGATCAGTTGCAATTACTGCATTACTCTTACTTTTATCATTACCAGTTCTAGCTGGTGCTATCACAATACTTTTAACCGATCGAAATCTTAATACTTCATTTTTTGATCCTGCAGGTGGTGGAGACCCTATCCTTTACCAACACTTATTTT ,unused_limite0.005,>Zotu150_P2_A01_16IZPOC1_S502_N707;size=2 ,unused_limite0.01,>Zotu150_P2_A01_16IZPOC1_S502_N707;size=2 ,unused_limite0.015,>Zotu150_P2_A01_16IZPOC1_S502_N707;size=2 ,unused_limite0.02,>Zotu150_P2_A01_16IZPOC1_S502_N707;size=2 ,unused_limite0.025,>Zotu150_P2_A01_16IZPOC1_S502_N707;size=2 ,unused_limite0.03,>Zotu150_P2_A01_16IZPOC1_S502_N707;size=2 ,unused_limite0.04,>Zotu150_P2_A01_16IZPOC1_S502_N707;size=2 ,unused_limite0.05,>Zotu150_P2_A01_16IZPOC1_S502_N707;size=2 ,unused_limite0.06,>Zotu150_P2_A01_16IZPOC1_S502_N707;size=2 ,unused_limite0.075,>Zotu150_P2_A01_16IZPOC1_S502_N707;size=2 ,unused_limite0.075,>Zotu150_P2_A01_16IZPOC1_S502_N707;size=2 ,unused_limite0.075,>Zotu150_P2_A01_16IZPOC1_S502_N707;size=2 ,unused_limite0.006644635,,
Zotu154_P1_E02_21MMC3_S517_N701,0,0,0,0,0,0,0,0,0,10,0,0,0,0,0,0,0,0,0,0,0,18,0,0,0,0,0,0,0,49,>Zotu154_P1_E02_21MMC3_S517_N701;size=2,GTCTTAATAATATAAGATTTTGATTCCTCCCCCCTTCATTAATATTTTTAATTATAAGAAGAATAGTAGAAAGAGGGGCAGGAACAGGGTGAACAGTTTATCCCCCTTTATCGGCTAATATTGCTCATAGAGGCCCCTCAGTTGATTTGGCAATTTTCAGTTTACATATAGCAGGAATTTCTTCAATTCTAGGTGCAGTTAATTTTATTTCTACAATTATAAATATACGTTCCCCAGGTATAAAATTTGATCAAATATCTCTTTTTATTTGATCAGTAGGAATTACTGCCCTTCTACTTCTCTTAAGACTTCCTGTCTTAGCGGGAGCAATTACAATGCTTCTATCCGATCGAAATTTAAATACCTCCTTTTTTGACCCCTTAGGAGGAGGGGACCCTATTCTATATCAACACTTATTCT ,unused_limite0.005,>Zotu154_P1_E02_21MMC3_S517_N701;size=2 ,clade12_limite0.01,>Zotu154_P1_E02_21MMC3_S517_N701;size=2 ,clade14_limite0.015,>Zotu154_P1_E02_21MMC3_S517_N701;size=2 ,clade14_limite0.02,>Zotu154_P1_E02_21MMC3_S517_N701;size=2 ,clade15_limite0.025,>Zotu154_P1_E02_21MMC3_S517_N701;size=2 ,clade4_limite0.03,>Zotu154_P1_E02_21MMC3_S517_N701;size=2 ,clade4_limite0.04,>Zotu154_P1_E02_21MMC3_S517_N701;size=2 ,clade4_limite0.05,>Zotu154_P1_E02_21MMC3_S517_N701;size=2 ,clade4_limite0.06,>Zotu154_P1_E02_21MMC3_S517_N701;size=2 ,clade5_limite0.075,>Zotu154_P1_E02_21MMC3_S517_N701;size=2 ,clade5_limite0.075,>Zotu154_P1_E02_21MMC3_S517_N701;size=2 ,clade5_limite0.075,>Zotu154_P1_E02_21MMC3_S517_N701;size=2 ,clade11_limite0.006644635,,
Zotu154_P1_G01_8IZTPOCR_S505_N701,0,0,0,0,0,0,0,0,0,0,0,0,0,5,0,0,0,0,0,0,0,0,0,0,0,0,0,0,0,22,>Zotu154_P1_G01_8IZTPOCR_S505_N701;size=1,GCCTTAATAACATAAGATTTTGACTTTTACCCCCCTCACTAACACTATTATTAATATCAAGAATTATTGATAAAGGAGCTGGAACTGGTTGAACAGTTTATCCCCCTTTATCAACTAATATTGCACATGAGGGTGCTTCTGTAGACTTAGCTATTTTTAGGCTACATATAGCAGGAATTTCTTCTATCTTAGGAGCAATAAACTTTATTTCAACAGTAATTAATATACGACCGGCTGGTATAAAACCTGATCGAATATCTTTATTTATTTGAGCAGTAAAAATTACAGCAATTTTATTGCTTCTGTCATTGCCCGTTTTAGCTGGGGCTATTACTATATTATTAACAGACCGAAATATTAATACTTCATTTTTTGACCCTGCCGGAGGAGGAGATCCTATTTTATACCAACATTTATTTT ,clade8_limite0.005,>Zotu154_P1_G01_8IZTPOCR_S505_N701;size=1 ,clade8_limite0.01,>Zotu154_P1_G01_8IZTPOCR_S505_N701;size=1 ,clade10_limite0.015,>Zotu154_P1_G01_8IZTPOCR_S505_N701;size=1 ,clade10_limite0.02,>Zotu154_P1_G01_8IZTPOCR_S505_N701;size=1 ,clade11_limite0.025,>Zotu154_P1_G01_8IZTPOCR_S505_N701;size=1 ,clade12_limite0.03,>Zotu154_P1_G01_8IZTPOCR_S505_N701;size=1 ,clade12_limite0.04,>Zotu154_P1_G01_8IZTPOCR_S505_N701;size=1 ,clade13_limite0.05,>Zotu154_P1_G01_8IZTPOCR_S505_N701;size=1 ,clade11_limite0.06,>Zotu154_P1_G01_8IZTPOCR_S505_N701;size=1 ,clade11_limite0.075,>Zotu154_P1_G01_8IZTPOCR_S505_N701;size=1 ,clade11_limite0.075,>Zotu154_P1_G01_8IZTPOCR_S505_N701;size=1 ,clade11_limite0.075,>Zotu154_P1_G01_8IZTPOCR_S505_N701;size=1 ,clade8_limite0.006644635,,
Zotu155_P2_E05_41TDIST2b_S502_N710,0,0,0,0,0,0,0,1,0,1,0,0,3,0,0,0,0,0,0,0,0,0,6,0,0,0,3,0,0,13,>Zotu155_P2_E05_41TDIST2b_S502_N710;size=1,GGATAAATAATATAAGATTTTGATTACTTCCGCCTTCTTTAACACTTCTTTTAATAAGAAGAATGGTAGAAAGAGGAGCGGGCACTGGTTGAACTGTTTATCCCCCCCTTTCTTCTAATATTGCTCATGGAGGAGCTTCTGTTGACTTAGCAATTTTTAGTCTTCATTTAGCAGGAATTTCATCAATTCTAGGAGCAGTTAATTTCATTTCAACTGTTATTAATATGCGATCTACAGGAATTTCATTCGATCGAATACCTTTATTTGTTTGATCTGTCGCAATTACTGCTTTACTTCTCCTTCTTTCATTACCAGTTTTAGCTGGTGCTATCACTATATTGCTTACCGATCGAAATTTAAATACATCATTTTTCGACCCCGCTGGAGGAGGTGACCCAATTCTTTACCAACATTTATTTT ,clade6_limite0.005,>Zotu155_P2_E05_41TDIST2b_S502_N710;size=1 ,clade6_limite0.01,>Zotu155_P2_E05_41TDIST2b_S502_N710;size=1 ,clade8_limite0.015,>Zotu155_P2_E05_41TDIST2b_S502_N710;size=1 ,clade8_limite0.02,>Zotu155_P2_E05_41TDIST2b_S502_N710;size=1 ,clade8_limite0.025,>Zotu155_P2_E05_41TDIST2b_S502_N710;size=1 ,clade9_limite0.03,>Zotu155_P2_E05_41TDIST2b_S502_N710;size=1 ,clade9_limite0.04,>Zotu155_P2_E05_41TDIST2b_S502_N710;size=1 ,clade10_limite0.05,>Zotu155_P2_E05_41TDIST2b_S502_N710;size=1 ,clade10_limite0.06,>Zotu155_P2_E05_41TDIST2b_S502_N710;size=1 ,clade12_limite0.075,>Zotu155_P2_E05_41TDIST2b_S502_N710;size=1 ,clade12_limite0.075,>Zotu155_P2_E05_41TDIST2b_S502_N710;size=1 ,clade12_limite0.075,>Zotu155_P2_E05_41TDIST2b_S502_N710;size=1 ,clade6_limite0.006644635,,
Zotu159_P2_A01_16IZPOC1_S502_N707,0,0,0,0,0,0,0,0,0,0,0,0,0,0,0,10,0,0,3,0,0,0,0,0,0,0,0,0,0,15,>Zotu159_P2_A01_16IZPOC1_S502_N707;size=1,GTTTAAATAATATAAGTTTCTGGCTTCTTCCCCCATCACTTTCTCTCTTATTAATAAGAAGAATTGTTGATAAAGGAGCTGTAACCGGATGAACAGTTTACCCTCCCCTTTCAGCAAACATTGCTCATGAAGGAGCCTCAGTTGATTTAGCTATCTTTAGTCTCCATATAGCTGGAGTATCATCAATTCTAGGAGCAATTAACTTTATTTTAACAGTTATTAATATACGCCCAACAGGGATATCTCTAGATCGTATACCTTTATTTGTATTGGCCGTAAAGATTACTGCAATCCTATTACTATTATCTCTACCAGTATTAGCAGGAGCTATCACCATACTCCTTACTGACCGTAATGTTAACACATCATTCTTTGACCCCGCCGGGGGAGGTGACCCAATTCTTTATCAACACTTATTCT ,clade7_limite0.005,>Zotu159_P2_A01_16IZPOC1_S502_N707;size=1 ,clade7_limite0.01,>Zotu159_P2_A01_16IZPOC1_S502_N707;size=1 ,clade9_limite0.015,>Zotu159_P2_A01_16IZPOC1_S502_N707;size=1 ,clade9_limite0.02,>Zotu159_P2_A01_16IZPOC1_S502_N707;size=1 ,clade9_limite0.025,>Zotu159_P2_A01_16IZPOC1_S502_N707;size=1 ,clade10_limite0.03,>Zotu159_P2_A01_16IZPOC1_S502_N707;size=1 ,clade10_limite0.04,>Zotu159_P2_A01_16IZPOC1_S502_N707;size=1 ,clade11_limite0.05,>Zotu159_P2_A01_16IZPOC1_S502_N707;size=1 ,clade12_limite0.06,>Zotu159_P2_A01_16IZPOC1_S502_N707;size=1 ,clade2_limite0.075,>Zotu159_P2_A01_16IZPOC1_S502_N707;size=1 ,clade2_limite0.075,>Zotu159_P2_A01_16IZPOC1_S502_N707;size=1 ,clade2_limite0.075,>Zotu159_P2_A01_16IZPOC1_S502_N707;size=1 ,clade7_limite0.006644635,,
Zotu166_P1_E02_21MMC3_S517_N701,0,0,0,0,0,0,0,0,0,8,0,0,0,0,0,0,0,0,0,0,0,11,0,0,0,0,0,0,0,59,>Zotu166_P1_E02_21MMC3_S517_N701;size=2,GAATAAACAATATAAGATTTTGATTACTTCCCCCGTCATTATCTTTACTTCTAATAAGAAGAATTGTTGAAAGAGGGGCGGGAACTGGGTGAACAGTGTACCCCCCACTTTCATCCAATATCGCTCACGGAGGATCTTCTGTTGATTTAGCTATTTTTAGACTACATTTAGCAGGTATTTCATCAATTTTAGGAGCAGTAAATTTTATTACTACAGTAATTAATATACGGCCTACAGGTATAACATTCGATCGAATACCTTTATTTGTATGAGCAGTTGTCATTACAGCTATTTTATTATTACTCTCTTTACCTGTATTAGCTGGAGCAATTACTATATTATTAACGGATCGTAATTTAAATACCACTTTCTTCGACCCTTCAGGAGGTGGTGATCCAATTCTTTACCAACATTTATTTT ,unused_limite0.005,>Zotu166_P1_E02_21MMC3_S517_N701;size=2 ,unused_limite0.01,>Zotu166_P1_E02_21MMC3_S517_N701;size=2 ,unused_limite0.015,>Zotu166_P1_E02_21MMC3_S517_N701;size=2 ,unused_limite0.02,>Zotu166_P1_E02_21MMC3_S517_N701;size=2 ,unused_limite0.025,>Zotu166_P1_E02_21MMC3_S517_N701;size=2 ,unused_limite0.03,>Zotu166_P1_E02_21MMC3_S517_N701;size=2 ,unused_limite0.04,>Zotu166_P1_E02_21MMC3_S517_N701;size=2 ,unused_limite0.05,>Zotu166_P1_E02_21MMC3_S517_N701;size=2 ,unused_limite0.06,>Zotu166_P1_E02_21MMC3_S517_N701;size=2 ,unused_limite0.075,>Zotu166_P1_E02_21MMC3_S517_N701;size=2 ,unused_limite0.075,>Zotu166_P1_E02_21MMC3_S517_N701;size=2 ,unused_limite0.075,>Zotu166_P1_E02_21MMC3_S517_N701;size=2 ,unused_limite0.006644635,,
Zotu167_P1_D05_13SHC4C1_S505_N703,0,0,0,1,0,0,0,16,0,0,0,0,0,0,0,0,0,0,0,0,0,0,0,0,0,0,0,0,0,39,>Zotu167_P1_D05_13SHC4C1_S505_N703;size=1,GTCTTAATAATATAAGATTCTGATTCCTCCCTCCTTCATTAATATTCTTAATTATAAGAAGAATAGTAGAAAGAGGAGCAGGAACAGGGTGAACAGTTTATCCCCCTTTATCAGCTAACATCGCTCATAGAGGCCCCTCTGTTGATTTAGCAATTTTCAGTTTACATATAGCAGGAATTTCTTCAATTCTGGGGGCAGTTAATTTTATTTCTACAATTATAAATATACGTTCCCCAGGTATAAAATTTGATCAAATATCTCTTTTTATTTGATCAGTAGGAATTACTGCCCTATTGCTTCTCTTAAGACTCCCTGTCTTAGCGGGAGCAATTACTATACTTTTATCCGATCGAAATTTAAATACCTCTTTTTTTGACCCCTTGGGGGGAGGAGACCCTATTCTTTATCAACACTTATTCT ,clade14_limite0.005,>Zotu167_P1_D05_13SHC4C1_S505_N703;size=1 ,clade11_limite0.01,>Zotu167_P1_D05_13SHC4C1_S505_N703;size=1 ,clade13_limite0.015,>Zotu167_P1_D05_13SHC4C1_S505_N703;size=1 ,clade13_limite0.02,>Zotu167_P1_D05_13SHC4C1_S505_N703;size=1 ,clade14_limite0.025,>Zotu167_P1_D05_13SHC4C1_S505_N703;size=1 ,clade4_limite0.03,>Zotu167_P1_D05_13SHC4C1_S505_N703;size=1 ,clade4_limite0.04,>Zotu167_P1_D05_13SHC4C1_S505_N703;size=1 ,clade4_limite0.05,>Zotu167_P1_D05_13SHC4C1_S505_N703;size=1 ,clade4_limite0.06,>Zotu167_P1_D05_13SHC4C1_S505_N703;size=1 ,clade5_limite0.075,>Zotu167_P1_D05_13SHC4C1_S505_N703;size=1 ,clade5_limite0.075,>Zotu167_P1_D05_13SHC4C1_S505_N703;size=1 ,clade5_limite0.075,>Zotu167_P1_D05_13SHC4C1_S505_N703;size=1 ,clade10_limite0.006644635,,
Zotu169_P2_A01_16IZPOC1_S502_N707,0,0,0,0,0,0,0,0,0,0,0,0,0,0,0,9,0,0,6,0,0,0,0,0,0,0,0,0,0,26,>Zotu169_P2_A01_16IZPOC1_S502_N707;size=2,GAATAAATAATATAAGATTTTGGCTTTTGCCACCTTCTTTAACTCTATTATTAATAAGAAGAATTGTAGATAAAGGAGCTGGAACTGGTTGAACAGTTTATCCACCTTTATCCACTAATATTGCCCATGAAGGAGCTTCTGTTGACTTAGCAATTTTTAGACTCCATATAGCAGGAGTCTCATCTATTTTAGGAGCCATTAATTTTATTTCAACAGTAATAAACATACGACCAAACGGAATATTTCTAGATCGTATATCATTATTTATCTGAGCTGTAAAAATTACAGCCATTTTATTACTTCTTTCACTTCCTGTTCTAGCTGGAGCTATCACTATATTACTTACTGACCGAAATATTAATACATCATTTTTTGACCCTGCTGGAGGAGGAGACCCAATTTTATACCAGCATTTATTCT ,clade9_limite0.005,>Zotu169_P2_A01_16IZPOC1_S502_N707;size=2 ,clade10_limite0.01,>Zotu169_P2_A01_16IZPOC1_S502_N707;size=2 ,clade12_limite0.015,>Zotu169_P2_A01_16IZPOC1_S502_N707;size=2 ,clade12_limite0.02,>Zotu169_P2_A01_16IZPOC1_S502_N707;size=2 ,clade13_limite0.025,>Zotu169_P2_A01_16IZPOC1_S502_N707;size=2 ,clade14_limite0.03,>Zotu169_P2_A01_16IZPOC1_S502_N707;size=2 ,clade14_limite0.04,>Zotu169_P2_A01_16IZPOC1_S502_N707;size=2 ,clade9_limite0.05,>Zotu169_P2_A01_16IZPOC1_S502_N707;size=2 ,clade9_limite0.06,>Zotu169_P2_A01_16IZPOC1_S502_N707;size=2 ,clade10_limite0.075,>Zotu169_P2_A01_16IZPOC1_S502_N707;size=2 ,clade10_limite0.075,>Zotu169_P2_A01_16IZPOC1_S502_N707;size=2 ,clade10_limite0.075,>Zotu169_P2_A01_16IZPOC1_S502_N707;size=2 ,clade9_limite0.006644635,,
Zotu16_P1_E02_21MMC3_S517_N701,0,0,0,0,0,0,0,0,0,318,0,0,0,0,265,0,0,0,0,0,546,0,0,0,0,0,0,0,16,28,>Zotu16_P1_E02_21MMC3_S517_N701;size=4,GTTTAAATAATATAAGATTCTGACTTCTCCCTCCATCACTTTCTATATTATTGATAAGAAGAATCGTTGATAAAGGAGCTGGGACTGGATGAACTGTATATCCTCCCCTTTCGGCAAATATTGCTCATGAAGGAGCCTCAGTGGATTTAGCCATCTTTAGCCTTCATATAGCAGGAATATCATCAATTTTAGGTGCAATTAACTTTATTTCAACAATTATTAATATACGTCCAACAGGAATAACCCTAGATCGTATACCTTTATTTGTATGAGCCGTAAAAATTACTGCAATCCTATTACTATTATCTCTTCCAGTATTGGCAGGAGCTATCACAATACTACTTACCGACCGTAATGTCAACACATCATTCTTTGACCCAGCTGGAGGAGGTGATCCTATTCTTTACCAACACTTATTCT ,clade10_limite0.005,>Zotu16_P1_E02_21MMC3_S517_N701;size=4 ,clade14_limite0.01,>Zotu16_P1_E02_21MMC3_S517_N701;size=4 ,clade15_limite0.015,>Zotu16_P1_E02_21MMC3_S517_N701;size=4 ,clade15_limite0.02,>Zotu16_P1_E02_21MMC3_S517_N701;size=4 ,clade10_limite0.025,>Zotu16_P1_E02_21MMC3_S517_N701;size=4 ,clade11_limite0.03,>Zotu16_P1_E02_21MMC3_S517_N701;size=4 ,clade11_limite0.04,>Zotu16_P1_E02_21MMC3_S517_N701;size=4 ,clade12_limite0.05,>Zotu16_P1_E02_21MMC3_S517_N701;size=4 ,clade13_limite0.06,>Zotu16_P1_E02_21MMC3_S517_N701;size=4 ,clade2_limite0.075,>Zotu16_P1_E02_21MMC3_S517_N701;size=4 ,clade2_limite0.075,>Zotu16_P1_E02_21MMC3_S517_N701;size=4 ,clade2_limite0.075,>Zotu16_P1_E02_21MMC3_S517_N701;size=4 ,clade13_limite0.006644635,,
Zotu171_P1_E02_21MMC3_S517_N701,0,0,0,0,0,0,0,0,0,8,0,0,0,0,2389,0,0,0,0,0,17,4,0,0,0,0,0,0,201,35,>Zotu171_P1_E02_21MMC3_S517_N701;size=5,GAATAAATAATATAAGTTTTTGACTACTCCCCCCTTCATTAACACTTCTTTTAATAAGAAGAATAGTGGAAAGAGGAGCTGGCACTGGATGAACAGTTTACCCCCCCCTCTCATCAGGAATTGCCCATGCTGGAGCTTCAGTTGATTTAGCTATTTTTAGATTACATTTAGCAGGAGTATCTTCAATTTTAGGAGCTGTAAATTTTATTACAACAATTATTAATATACGATCAATTGGAATAACTTTTGATCGAATACCTTTATTTGTATGATCAGTAGGAATTACTGCTTTATTATTACTTTTATCATTACCAGTATTAGCTGGAGCCATTACAATATTATTAACAGATCGAAATTTAAATACTTCATTTTTTGACCCGGCAGGAGGAGGAGATCCAATTTTATATCAACATTTATTTT ,clade13_limite0.005,>Zotu171_P1_E02_21MMC3_S517_N701;size=5 ,clade13_limite0.01,>Zotu171_P1_E02_21MMC3_S517_N701;size=5 ,clade6_limite0.015,>Zotu171_P1_E02_21MMC3_S517_N701;size=5 ,clade6_limite0.02,>Zotu171_P1_E02_21MMC3_S517_N701;size=5 ,clade6_limite0.025,>Zotu171_P1_E02_21MMC3_S517_N701;size=5 ,clade7_limite0.03,>Zotu171_P1_E02_21MMC3_S517_N701;size=5 ,clade7_limite0.04,>Zotu171_P1_E02_21MMC3_S517_N701;size=5 ,clade7_limite0.05,>Zotu171_P1_E02_21MMC3_S517_N701;size=5 ,clade7_limite0.06,>Zotu171_P1_E02_21MMC3_S517_N701;size=5 ,clade8_limite0.075,>Zotu171_P1_E02_21MMC3_S517_N701;size=5 ,clade8_limite0.075,>Zotu171_P1_E02_21MMC3_S517_N701;size=5 ,clade8_limite0.075,>Zotu171_P1_E02_21MMC3_S517_N701;size=5 ,clade12_limite0.006644635,,
Zotu175_P2_A01_16IZPOC1_S502_N707,0,0,0,0,0,0,1,0,0,0,0,0,0,0,0,8,0,9,0,0,0,0,0,0,0,0,0,0,0,43,>Zotu175_P2_A01_16IZPOC1_S502_N707;size=2,GAATAAATAATATAAGATTTTGACTTTTACCACCTTCCTTAACCCTACTATTAATAAGAAGAATTATTGATAAAGGGGCTGGAACTGGTTGAACAGTTTACCCTCCTTTATCTGCTAATATTGCCCATGAAGGAGCCTCTGTTGATTTAGCAATTTTTAGACTTCACATAGCAGGAGTATCATCTATTTTAGGAGCTATTAATTTTATTTCAACAGTAATAAATATACGACCAAATGGAATATTTTTAGATCGTATATCGTTATTTATTTGAGCTGTAAAAATTACAGCCATTTTGTTACTTCTTTCATTACCTGTTCTAGCCGGGGCTATTACTATATTACTTACTGACCGAAATATTAATACATCATTTTTTGATCCTGCGGGAGGGGGTGATCCTATTTTATACCAACATCTATTTT ,unused_limite0.005,>Zotu175_P2_A01_16IZPOC1_S502_N707;size=2 ,unused_limite0.01,>Zotu175_P2_A01_16IZPOC1_S502_N707;size=2 ,unused_limite0.015,>Zotu175_P2_A01_16IZPOC1_S502_N707;size=2 ,unused_limite0.02,>Zotu175_P2_A01_16IZPOC1_S502_N707;size=2 ,unused_limite0.025,>Zotu175_P2_A01_16IZPOC1_S502_N707;size=2 ,unused_limite0.03,>Zotu175_P2_A01_16IZPOC1_S502_N707;size=2 ,clade15_limite0.04,>Zotu175_P2_A01_16IZPOC1_S502_N707;size=2 ,clade9_limite0.05,>Zotu175_P2_A01_16IZPOC1_S502_N707;size=2 ,clade9_limite0.06,>Zotu175_P2_A01_16IZPOC1_S502_N707;size=2 ,clade10_limite0.075,>Zotu175_P2_A01_16IZPOC1_S502_N707;size=2 ,clade10_limite0.075,>Zotu175_P2_A01_16IZPOC1_S502_N707;size=2 ,clade10_limite0.075,>Zotu175_P2_A01_16IZPOC1_S502_N707;size=2 ,unused_limite0.006644635,,
Zotu186_P1_E02_21MMC3_S517_N701,0,0,0,0,0,0,0,0,0,6,0,0,0,0,0,0,0,0,0,0,0,1,0,0,0,0,0,0,0,8,>Zotu186_P1_E02_21MMC3_S517_N701;size=1,GAATAAACAATATAAGATTCTGGCTTCTTCCCCCTTCACTCTCCCTTCTTTTAATAAGAAGAATAGTAGAAAGTGGGGCAGGAACAGGATGAACAGTTTATCCACCTCTTTCTTCAAATATTGCCCATGGTGGATCTTCTGTAGATCTAGCTATTTTTAGTCTTCATTTAGCAGGAATTTCTTCAATCTTAGGGGCAGTCAATTTTATTACTACAGTAATTAATATACGACCCATAGGAATAACTTTAGACCGAATACCCTTGTTTGTTTGAAGAGTGGCTATTACTGCACTTTTACTTCTTCTTTCTCTTCCTGTTTTAGCTGGAGCAATCACTATACTTTTAACCGACCGAAATTTAAATACATCATTTTTTGATCCGGCAGGAGGGGGAGATCCAATTCTTTACCAACATTTATTTT ,clade4_limite0.005,>Zotu186_P1_E02_21MMC3_S517_N701;size=1 ,clade4_limite0.01,>Zotu186_P1_E02_21MMC3_S517_N701;size=1 ,clade5_limite0.015,>Zotu186_P1_E02_21MMC3_S517_N701;size=1 ,clade5_limite0.02,>Zotu186_P1_E02_21MMC3_S517_N701;size=1 ,clade5_limite0.025,>Zotu186_P1_E02_21MMC3_S517_N701;size=1 ,clade6_limite0.03,>Zotu186_P1_E02_21MMC3_S517_N701;size=1 ,clade6_limite0.04,>Zotu186_P1_E02_21MMC3_S517_N701;size=1 ,clade6_limite0.05,>Zotu186_P1_E02_21MMC3_S517_N701;size=1 ,clade6_limite0.06,>Zotu186_P1_E02_21MMC3_S517_N701;size=1 ,clade7_limite0.075,>Zotu186_P1_E02_21MMC3_S517_N701;size=1 ,clade7_limite0.075,>Zotu186_P1_E02_21MMC3_S517_N701;size=1 ,clade7_limite0.075,>Zotu186_P1_E02_21MMC3_S517_N701;size=1 ,clade4_limite0.006644635,,
Zotu194_P1_E02_21MMC3_S517_N701,0,0,0,0,0,0,0,0,0,5,0,0,0,0,0,0,0,0,0,0,9,0,0,0,0,0,0,0,0,38,>Zotu194_P1_E02_21MMC3_S517_N701;size=2,GTCTTAATAATATAAGATTCTGATTCCTCCCTCCTTCATTAATATTCTTAATTATAAGAAGAATAGTAGAAAGAGGAGCAGGAACAGGGTGAACAGTTTATCCCCCTTTATCAGCTAACATCGCTCATAGAGGCCCCTCTGTTGATTTAGCAATTTTCAGTTTACATATAGCAGGAATTTCTTCAATTCTGGGTGCAGTTAATTTTATTTCTACAATTATAAATATACGTTCCCCAGGTATAAAATTTGATCAAATATCTCTTTTTATTTGATCAGTAGGAATTACTGCCCTATTGCTTCTCTTAAAACTCCCTGTCTTAGCGGGAGCAATTACCATACTTTTATCCGATCGAAATTTAAATACCTCTTTTTTTGACCCCTTGGGGGGAGGAGACCCTATTCTTTATCAACACTTATTCT ,clade14_limite0.005,>Zotu194_P1_E02_21MMC3_S517_N701;size=2 ,clade11_limite0.01,>Zotu194_P1_E02_21MMC3_S517_N701;size=2 ,clade13_limite0.015,>Zotu194_P1_E02_21MMC3_S517_N701;size=2 ,clade13_limite0.02,>Zotu194_P1_E02_21MMC3_S517_N701;size=2 ,clade14_limite0.025,>Zotu194_P1_E02_21MMC3_S517_N701;size=2 ,clade4_limite0.03,>Zotu194_P1_E02_21MMC3_S517_N701;size=2 ,clade4_limite0.04,>Zotu194_P1_E02_21MMC3_S517_N701;size=2 ,clade4_limite0.05,>Zotu194_P1_E02_21MMC3_S517_N701;size=2 ,clade4_limite0.06,>Zotu194_P1_E02_21MMC3_S517_N701;size=2 ,clade5_limite0.075,>Zotu194_P1_E02_21MMC3_S517_N701;size=2 ,clade5_limite0.075,>Zotu194_P1_E02_21MMC3_S517_N701;size=2 ,clade5_limite0.075,>Zotu194_P1_E02_21MMC3_S517_N701;size=2 ,clade10_limite0.006644635,,
Zotu194_P2_A01_16IZPOC1_S502_N707,0,0,0,0,0,0,0,0,0,0,0,0,0,0,0,7,0,5,0,0,0,0,0,0,0,0,0,0,0,62,>Zotu194_P2_A01_16IZPOC1_S502_N707;size=2,GAATAAATAACATAAGATTTTGACTCCTGCCCCCTTCATTAACATTACTTTTAATAAGAAGAATAGTCGAAAGAGGAGCAGGAACAGGATGAACTGTTTACCCTCCCCTTTCTTCCAATATCGCTCATGGAGGTTCATCTGTAGATTTAGCAATTTTTAGCCTTCATTTAGCTGGAATCTCATCTATTTTAGGGGCTGTAAATTTTATCTCAACAGTAATTAATATGCGAGCAATCGGAATTTCATTTGATCGTATACCACTATTTGTATGATCTGTTGCAATTACAGCTTTACTACTACTTCTATCCTTACCAGTTTTAGCTGGGGCTATCACCATACTTTTAACTGACCGAAATTTAAACACCTCATTTTTTGATCCCGCTGGAGGAGGAGATCCAATCCTATACCAACATTTATTTT ,unused_limite0.005,>Zotu194_P2_A01_16IZPOC1_S502_N707;size=2 ,unused_limite0.01,>Zotu194_P2_A01_16IZPOC1_S502_N707;size=2 ,unused_limite0.015,>Zotu194_P2_A01_16IZPOC1_S502_N707;size=2 ,unused_limite0.02,>Zotu194_P2_A01_16IZPOC1_S502_N707;size=2 ,unused_limite0.025,>Zotu194_P2_A01_16IZPOC1_S502_N707;size=2 ,unused_limite0.03,>Zotu194_P2_A01_16IZPOC1_S502_N707;size=2 ,unused_limite0.04,>Zotu194_P2_A01_16IZPOC1_S502_N707;size=2 ,unused_limite0.05,>Zotu194_P2_A01_16IZPOC1_S502_N707;size=2 ,unused_limite0.06,>Zotu194_P2_A01_16IZPOC1_S502_N707;size=2 ,unused_limite0.075,>Zotu194_P2_A01_16IZPOC1_S502_N707;size=2 ,unused_limite0.075,>Zotu194_P2_A01_16IZPOC1_S502_N707;size=2 ,unused_limite0.075,>Zotu194_P2_A01_16IZPOC1_S502_N707;size=2 ,unused_limite0.006644635,,
Zotu214_P1_E02_21MMC3_S517_N701,0,0,0,0,0,0,0,0,0,4,0,0,0,0,0,0,0,0,0,0,0,1,0,0,0,0,0,0,0,47,>Zotu214_P1_E02_21MMC3_S517_N701;size=1,GGTTAAATAATATAAGATTTTGACTTCTTCCACCATCGTTAATATTTTTATTAATGAGAAGAATTGTTGAAAAGGGGGCTGGAACTGGATGAACTGTTTACCCCCCTTTATCATCAAATGTAGCTCATGCTGGCTCATCAGTTGATTTAGCAATTTTTAGTTTACATTTAGCAGGAATCTCATCTATTTTAGGGTCAGTAAATTTTATTACTACTGTAATTAATATACGACCAAAAGGAATAAACTTTGACCGCCTTCCCCTATTTGTTTGAGCAGTAAAAATCACCACAATCCTTCTTCTCCTATCCCTCCCTGTTCTTGCAGGGGCAATCACCATATTATTAACAGATCGAAATATTAATACCTCATTTTTTGATCCTGCGGGAGGAGGGGATCCTATTTTATATCAACATTTATTTT ,unused_limite0.005,>Zotu214_P1_E02_21MMC3_S517_N701;size=1 ,unused_limite0.01,>Zotu214_P1_E02_21MMC3_S517_N701;size=1 ,unused_limite0.015,>Zotu214_P1_E02_21MMC3_S517_N701;size=1 ,unused_limite0.02,>Zotu214_P1_E02_21MMC3_S517_N701;size=1 ,unused_limite0.025,>Zotu214_P1_E02_21MMC3_S517_N701;size=1 ,unused_limite0.03,>Zotu214_P1_E02_21MMC3_S517_N701;size=1 ,unused_limite0.04,>Zotu214_P1_E02_21MMC3_S517_N701;size=1 ,unused_limite0.05,>Zotu214_P1_E02_21MMC3_S517_N701;size=1 ,unused_limite0.06,>Zotu214_P1_E02_21MMC3_S517_N701;size=1 ,unused_limite0.075,>Zotu214_P1_E02_21MMC3_S517_N701;size=1 ,unused_limite0.075,>Zotu214_P1_E02_21MMC3_S517_N701;size=1 ,unused_limite0.075,>Zotu214_P1_E02_21MMC3_S517_N701;size=1 ,unused_limite0.006644635,,
Zotu21_P1_D05_13SHC4C1_S505_N703,0,0,0,0,0,0,0,277,0,0,0,0,0,0,0,0,0,0,0,0,0,0,0,0,0,0,96,0,0,1,>Zotu21_P1_D05_13SHC4C1_S505_N703;size=2,GAATAAATAATATAAGTTTCTGATTACTTCCCCCATCATTAACTTTATTATTAGCCGGGGGTTTGGTAGAAAGCGGCGCTGGTACCGGATGAACAGTATACCCCCCCTTAGCGGCAGGAATCGCCCACGCTGGGGCCTCAGTAGACCTTTCCATTTTTAGACTTCACCTAGCAGGTGCTAGATCTATCCTAGGTGCTGTGAATTTCATCACCACAATTATTAATATACGCACCCCAGGAATATCATGGGACCAAACCCCCCTATTCGTTTGGTCAGTCTTCTTAACTGCCATTTTATTACTTTTATCCCTTCCAGTACTAGCAGGAGCAATTACAATACTCCTGACAGACCGTAACCTAAATACATCGTTTTTTGACCCGGCTGGGGGAGGAGACCCAATCTTATACCAACACCTATTTT ,clade1_limite0.005,>Zotu21_P1_D05_13SHC4C1_S505_N703;size=2 ,clade1_limite0.01,>Zotu21_P1_D05_13SHC4C1_S505_N703;size=2 ,clade1_limite0.015,>Zotu21_P1_D05_13SHC4C1_S505_N703;size=2 ,clade1_limite0.02,>Zotu21_P1_D05_13SHC4C1_S505_N703;size=2 ,clade1_limite0.025,>Zotu21_P1_D05_13SHC4C1_S505_N703;size=2 ,clade1_limite0.03,>Zotu21_P1_D05_13SHC4C1_S505_N703;size=2 ,clade1_limite0.04,>Zotu21_P1_D05_13SHC4C1_S505_N703;size=2 ,clade1_limite0.05,>Zotu21_P1_D05_13SHC4C1_S505_N703;size=2 ,clade1_limite0.06,>Zotu21_P1_D05_13SHC4C1_S505_N703;size=2 ,clade1_limite0.075,>Zotu21_P1_D05_13SHC4C1_S505_N703;size=2 ,clade1_limite0.075,>Zotu21_P1_D05_13SHC4C1_S505_N703;size=2 ,clade1_limite0.075,>Zotu21_P1_D05_13SHC4C1_S505_N703;size=2 ,clade1_limite0.006644635,,
Zotu221_P1_D05_13SHC4C1_S505_N703,0,0,0,0,0,0,0,7,0,0,0,0,0,0,0,0,0,0,0,0,0,0,0,0,0,0,0,0,0,37,>Zotu221_P1_D05_13SHC4C1_S505_N703;size=1,GAATAAATAATATAAGTTTTTGACTACTTCCCCCTTCATTAACACTTCTTTTAATAAGAAGAATAGTGGAAAGAGGAGCTGGCACTGGATGAACAGTTTACCCCCCCCTCTCATCAGGAATTGCCCATGCTGGAGCTTCAGTTGATTTAGCTATTTTTAGATTACATTTAGCAGGGGTATCTTCAATTTTAGGAGCTGTAAATTTTATTACAACAATTATTAATATACGATCAATCGGAATAACTTTTGATCGAATACCTTTATTTGTATGATCAGTAGGAATTACTGCTTTATTATTACTTTTATCATTACCAGTATTAGCTGGAGCCATTACAATATTATTAACAGATCGAAATTTAAATACTTCATTTTTTGACCCGGCAGGAGGAGGAGATCCAATTTTATATCAACATTTATTTT ,clade13_limite0.005,>Zotu221_P1_D05_13SHC4C1_S505_N703;size=1 ,clade13_limite0.01,>Zotu221_P1_D05_13SHC4C1_S505_N703;size=1 ,clade6_limite0.015,>Zotu221_P1_D05_13SHC4C1_S505_N703;size=1 ,clade6_limite0.02,>Zotu221_P1_D05_13SHC4C1_S505_N703;size=1 ,clade6_limite0.025,>Zotu221_P1_D05_13SHC4C1_S505_N703;size=1 ,clade7_limite0.03,>Zotu221_P1_D05_13SHC4C1_S505_N703;size=1 ,clade7_limite0.04,>Zotu221_P1_D05_13SHC4C1_S505_N703;size=1 ,clade7_limite0.05,>Zotu221_P1_D05_13SHC4C1_S505_N703;size=1 ,clade7_limite0.06,>Zotu221_P1_D05_13SHC4C1_S505_N703;size=1 ,clade8_limite0.075,>Zotu221_P1_D05_13SHC4C1_S505_N703;size=1 ,clade8_limite0.075,>Zotu221_P1_D05_13SHC4C1_S505_N703;size=1 ,clade8_limite0.075,>Zotu221_P1_D05_13SHC4C1_S505_N703;size=1 ,clade12_limite0.006644635,,
Zotu224_P2_E04_21MMC3b_S502_N709,0,0,0,0,0,0,0,0,0,1,0,0,0,0,88,0,0,0,0,0,0,4,0,0,0,0,0,0,6,36,>Zotu224_P2_E04_21MMC3b_S502_N709;size=1,GAATAAATAATATAAGTTTTTGACTACTTCCCCCTTCATTAACACTTCTTTTAATAAGAAGAATAGTGGAAAGAGGAGCTGGCACTGGATGAACAGTTTACCCCCCCCTCTCATCAGGAATTGCCCATGCTGGAGCTTCAGTTGATTTAGCTATTTTTAGATTACATTTAGCAGGAGTATCTTCAATTTTAGGAGCTGTAAATTTTATTACAACAATTATTAATATACGATCAATTGGAATAACTTTTGATCGAATACCTTTATTTGTATGATCAGTAGGAATTACTGCTTTATTATTACTTTTATCATTACCAGTATTAGCTGGAGCCATTACAATATTATTAACAGATCGAAATTTAAATACTTCATATTTTGACCCGGCAGGAGGAGGAGATCCAATTTTATATCAACATTTATTTT ,clade13_limite0.005,>Zotu224_P2_E04_21MMC3b_S502_N709;size=1 ,clade13_limite0.01,>Zotu224_P2_E04_21MMC3b_S502_N709;size=1 ,clade6_limite0.015,>Zotu224_P2_E04_21MMC3b_S502_N709;size=1 ,clade6_limite0.02,>Zotu224_P2_E04_21MMC3b_S502_N709;size=1 ,clade6_limite0.025,>Zotu224_P2_E04_21MMC3b_S502_N709;size=1 ,clade7_limite0.03,>Zotu224_P2_E04_21MMC3b_S502_N709;size=1 ,clade7_limite0.04,>Zotu224_P2_E04_21MMC3b_S502_N709;size=1 ,clade7_limite0.05,>Zotu224_P2_E04_21MMC3b_S502_N709;size=1 ,clade7_limite0.06,>Zotu224_P2_E04_21MMC3b_S502_N709;size=1 ,clade8_limite0.075,>Zotu224_P2_E04_21MMC3b_S502_N709;size=1 ,clade8_limite0.075,>Zotu224_P2_E04_21MMC3b_S502_N709;size=1 ,clade8_limite0.075,>Zotu224_P2_E04_21MMC3b_S502_N709;size=1 ,clade12_limite0.006644635,,
Zotu244_P1_D05_13SHC4C1_S505_N703,0,0,0,0,0,0,0,4,0,0,0,0,0,0,1,58,0,4,39,0,0,0,0,0,0,0,0,0,0,25,>Zotu244_P1_D05_13SHC4C1_S505_N703;size=4,GAATAAATAATATAAGATTTTGGCTTTTGCCACCTTCTTTAACTCTATTATTAATAAGAAGAATTGTAGATAAAGGAGCTGGAACTGGTTGAACAGTTTATCCACCTTTATCCACTAATATTGCCCATGAAGGAGCTTCTATTGACTTAGCAATTTTTAGACTCCATATAGCAGGAGTCTCATCTATTTTAGGAGCCATTAATTTTATTTCAACAGTAATAAACATACGACCAAACGGAATATTTCTAGATCGTATATCATTATTTATCTGAGCTGTAAAAATTACAGCCATTTTATTACTTCTTTCACTTCCTGTTCTAGCTGGAGCTATCACTATATTACTTACTGACCGAAATATTAATACATCATTTTTTGACCCTGCTGGAGGAGGAGACCCAATTTTATACCAGCATTTATTCT ,clade9_limite0.005,>Zotu244_P1_D05_13SHC4C1_S505_N703;size=4 ,clade10_limite0.01,>Zotu244_P1_D05_13SHC4C1_S505_N703;size=4 ,clade12_limite0.015,>Zotu244_P1_D05_13SHC4C1_S505_N703;size=4 ,clade12_limite0.02,>Zotu244_P1_D05_13SHC4C1_S505_N703;size=4 ,clade13_limite0.025,>Zotu244_P1_D05_13SHC4C1_S505_N703;size=4 ,clade14_limite0.03,>Zotu244_P1_D05_13SHC4C1_S505_N703;size=4 ,clade14_limite0.04,>Zotu244_P1_D05_13SHC4C1_S505_N703;size=4 ,clade9_limite0.05,>Zotu244_P1_D05_13SHC4C1_S505_N703;size=4 ,clade9_limite0.06,>Zotu244_P1_D05_13SHC4C1_S505_N703;size=4 ,clade10_limite0.075,>Zotu244_P1_D05_13SHC4C1_S505_N703;size=4 ,clade10_limite0.075,>Zotu244_P1_D05_13SHC4C1_S505_N703;size=4 ,clade10_limite0.075,>Zotu244_P1_D05_13SHC4C1_S505_N703;size=4 ,clade9_limite0.006644635,,
Zotu245_P1_D05_13SHC4C1_S505_N703,0,0,0,0,0,0,0,4,0,0,0,0,0,0,0,0,0,0,0,0,0,0,0,0,0,0,0,0,0,54,>Zotu245_P1_D05_13SHC4C1_S505_N703;size=1,GAATAAATAATATAAGTTTTTGACTACTTCCCCCTTCATTAACACTTCTTTTAATGAGAAGAATAGTAGAAAGAGGAGCTGGTACTGGATGAACAGTTTACCACCCCCTCTCATCAGGAATTGCCCATGCTGGAGCTTCAGTTGATTTAGCTATTTTTAGATTACATTTAGCCGGGGTATCTTCAATTTTAGGGGCTGTAAATTTTATTACAACAATTATTAATATACGATCAATTGGAATAACTTTTGATCGAATACCTTTATTTGTATGATCAGTAGAGATTACTGCTTTATTATTACTTTTATCATTACCAGTATTAGCTGGAGCCATTACAATATTATTAACAGATCGAAATTTAAATACTTCATTTTTTGACCCGGCAGGAGGAGGAGACCCAATTTTATATCAACATTTATTTT ,unused_limite0.005,>Zotu245_P1_D05_13SHC4C1_S505_N703;size=1 ,unused_limite0.01,>Zotu245_P1_D05_13SHC4C1_S505_N703;size=1 ,clade6_limite0.015,>Zotu245_P1_D05_13SHC4C1_S505_N703;size=1 ,clade6_limite0.02,>Zotu245_P1_D05_13SHC4C1_S505_N703;size=1 ,clade6_limite0.025,>Zotu245_P1_D05_13SHC4C1_S505_N703;size=1 ,clade7_limite0.03,>Zotu245_P1_D05_13SHC4C1_S505_N703;size=1 ,clade7_limite0.04,>Zotu245_P1_D05_13SHC4C1_S505_N703;size=1 ,clade7_limite0.05,>Zotu245_P1_D05_13SHC4C1_S505_N703;size=1 ,clade7_limite0.06,>Zotu245_P1_D05_13SHC4C1_S505_N703;size=1 ,clade8_limite0.075,>Zotu245_P1_D05_13SHC4C1_S505_N703;size=1 ,clade8_limite0.075,>Zotu245_P1_D05_13SHC4C1_S505_N703;size=1 ,clade8_limite0.075,>Zotu245_P1_D05_13SHC4C1_S505_N703;size=1 ,unused_limite0.006644635,,
Zotu248_P2_A01_16IZPOC1_S502_N707,0,1,0,0,0,0,0,0,0,0,0,0,0,0,0,4,0,2,0,0,0,0,0,0,0,0,0,0,0,58,>Zotu248_P2_A01_16IZPOC1_S502_N707;size=1,GAATAAACAATATAAGATTTTGACTACTCCCCCCGTCACTATCTTTACTTCTTATAAGAAGAATTGTTGAAAGAGGAGCAGGAACTGGATGAACAGTGTACCCCCCACTGTCATCTAATATTGCTCATGGAGGATCCTCAGTGGATCTTGCTATTTTCAGCCTTCATTTAGCTGGAGTATCATCTATTTTAGGTGCTGTAAATTTCATTACTACCATTATTAATATACGACCTGCCGGCATAACTTTAGATCGAATGCCCTTATTTGTTTGATCTGTAGTTATTACAGCAATTTTATTATTACTCTCTTTACCAGTCTTGGCAGGAGCCATTACTATACTTTTAACTGATCGAAATTTAAATACCACCTTCTTTGACCCCTCAGGAGGAGGTGACCCTATTCTTTATCAACATTTATTTT ,unused_limite0.005,>Zotu248_P2_A01_16IZPOC1_S502_N707;size=1 ,unused_limite0.01,>Zotu248_P2_A01_16IZPOC1_S502_N707;size=1 ,unused_limite0.015,>Zotu248_P2_A01_16IZPOC1_S502_N707;size=1 ,unused_limite0.02,>Zotu248_P2_A01_16IZPOC1_S502_N707;size=1 ,unused_limite0.025,>Zotu248_P2_A01_16IZPOC1_S502_N707;size=1 ,unused_limite0.03,>Zotu248_P2_A01_16IZPOC1_S502_N707;size=1 ,unused_limite0.04,>Zotu248_P2_A01_16IZPOC1_S502_N707;size=1 ,unused_limite0.05,>Zotu248_P2_A01_16IZPOC1_S502_N707;size=1 ,unused_limite0.06,>Zotu248_P2_A01_16IZPOC1_S502_N707;size=1 ,unused_limite0.075,>Zotu248_P2_A01_16IZPOC1_S502_N707;size=1 ,unused_limite0.075,>Zotu248_P2_A01_16IZPOC1_S502_N707;size=1 ,unused_limite0.075,>Zotu248_P2_A01_16IZPOC1_S502_N707;size=1 ,unused_limite0.006644635,,
Zotu24_P1_D05_13SHC4C1_S505_N703,0,0,0,0,0,0,0,262,0,0,0,0,0,0,0,0,0,0,0,0,0,0,0,0,0,0,0,0,0,48,>Zotu24_P1_D05_13SHC4C1_S505_N703;size=1,GTCTTAATAATATAAGATTCTGATTCCTCCCCCCTTCATTAATATTCTTAATTATAAGAAGAATAGTAGAAAGAGGGGCAGGAACAGGGTGAACAGTTTATCCCCCTTTATCAGCTAACATCGCTCATAGAGGCCCCTCTGTTGATTTAGCAATTTTCAGTTTACATATAGCAGGAATTTCTTCAATTCTGGGCGCAGTTAATTTTATTTCTACAATTATAAATATACGTTCCCCAGGTATAAAATTTGATCAAATATCTCTTTTTATTTGATCAGTAGGAATTACTGCCCTATTGCTTCTCTTAAGACTCCCTGTCTTAGCGGGAGCAATTACTATACTTTTATCCGATCGAAATTTAAATACCTCTTTTTTTGACCCCTTGGGGGGAGGAGACCCTATTCTTTATCAACACTTATTCT ,unused_limite0.005,>Zotu24_P1_D05_13SHC4C1_S505_N703;size=1 ,clade11_limite0.01,>Zotu24_P1_D05_13SHC4C1_S505_N703;size=1 ,clade13_limite0.015,>Zotu24_P1_D05_13SHC4C1_S505_N703;size=1 ,clade13_limite0.02,>Zotu24_P1_D05_13SHC4C1_S505_N703;size=1 ,clade14_limite0.025,>Zotu24_P1_D05_13SHC4C1_S505_N703;size=1 ,clade4_limite0.03,>Zotu24_P1_D05_13SHC4C1_S505_N703;size=1 ,clade4_limite0.04,>Zotu24_P1_D05_13SHC4C1_S505_N703;size=1 ,clade4_limite0.05,>Zotu24_P1_D05_13SHC4C1_S505_N703;size=1 ,clade4_limite0.06,>Zotu24_P1_D05_13SHC4C1_S505_N703;size=1 ,clade5_limite0.075,>Zotu24_P1_D05_13SHC4C1_S505_N703;size=1 ,clade5_limite0.075,>Zotu24_P1_D05_13SHC4C1_S505_N703;size=1 ,clade5_limite0.075,>Zotu24_P1_D05_13SHC4C1_S505_N703;size=1 ,clade10_limite0.006644635,,
Zotu264_P2_A01_16IZPOC1_S502_N707,0,0,0,0,0,0,0,0,0,0,0,0,0,0,0,4,0,1,0,0,0,0,0,0,0,0,0,0,0,12,>Zotu264_P2_A01_16IZPOC1_S502_N707;size=1,GAATAAATAATATAAGATTTTGATTACTTCCGCCTTCTTTAACACTTCTTTTAATAAGAAGAATGGTAGAAAGAGGAGCGGGCACTGGTTGAACTGTTTATCCCCCCCTTTCTTCTAATATTGCTCATGGAGGAGCTTCTGTTGACTTAGCAATTTTTAGTCTTCATTTAGCAGGAATTTCATCAATTCTAGGAGCAGTTAATTTCATTTCAACTGTTATTAATATACGATCTACAGGAATTTCATTCGATCGAATACCTTTATTTGTTTGATCTGTCGCAATTACTGCTTTACTTCTCCTTCTTTCATTGCCAGTTTTAGCTGGTGCTATCACTATATTGCTTACCGATCGAAATTTAAATACATCATTTTTCGACCCCGCTGGAGGAGGTGACCCAATTCTTTACCAACATTTATTTT ,clade6_limite0.005,>Zotu264_P2_A01_16IZPOC1_S502_N707;size=1 ,clade6_limite0.01,>Zotu264_P2_A01_16IZPOC1_S502_N707;size=1 ,clade8_limite0.015,>Zotu264_P2_A01_16IZPOC1_S502_N707;size=1 ,clade8_limite0.02,>Zotu264_P2_A01_16IZPOC1_S502_N707;size=1 ,clade8_limite0.025,>Zotu264_P2_A01_16IZPOC1_S502_N707;size=1 ,clade9_limite0.03,>Zotu264_P2_A01_16IZPOC1_S502_N707;size=1 ,clade9_limite0.04,>Zotu264_P2_A01_16IZPOC1_S502_N707;size=1 ,clade10_limite0.05,>Zotu264_P2_A01_16IZPOC1_S502_N707;size=1 ,clade10_limite0.06,>Zotu264_P2_A01_16IZPOC1_S502_N707;size=1 ,clade12_limite0.075,>Zotu264_P2_A01_16IZPOC1_S502_N707;size=1 ,clade12_limite0.075,>Zotu264_P2_A01_16IZPOC1_S502_N707;size=1 ,clade12_limite0.075,>Zotu264_P2_A01_16IZPOC1_S502_N707;size=1 ,clade6_limite0.006644635,,
Zotu26_P1_C11_7IZPOC1W_S506_N706,0,0,0,0,0,0,33,0,0,0,0,0,0,0,0,0,0,0,0,0,0,0,0,0,0,0,0,0,0,46,>Zotu26_P1_C11_7IZPOC1W_S506_N706;size=1,GTCTAAATAACATAAGATTTTGACTTTTACCTCCTTCACTAACATTATTATTAATATCTAGAATTATTGATAAAGGGGCCGGAACCGGTTGAACTGTTTATCCCCCTTTATCTACAAATATTGCCCACGAAGGGGCCTCAGTAGACTTGGCTATTTTTAGACTCCATATAGCAGGAATTTCCTCTATTTTAGGGGCAATAAACTTCATTTCAACAGTTATTAATATACGACCAGCAGGAATAAAGCCAGATCGTATATCTTTATTTATTTGAGCAGTAAAAATTACAGCAGTATTACTACTTTTATCTCTCCCAGTTTTAGCAGGAGCTATTACAATATTATTAACAGACCGAAACATTAATACTTCTTTTTTTGACCCTGCCGGGGGAGGCGACCCAATTTTATATCAACACTTATTTT ,unused_limite0.005,>Zotu26_P1_C11_7IZPOC1W_S506_N706;size=1 ,unused_limite0.01,>Zotu26_P1_C11_7IZPOC1W_S506_N706;size=1 ,unused_limite0.015,>Zotu26_P1_C11_7IZPOC1W_S506_N706;size=1 ,unused_limite0.02,>Zotu26_P1_C11_7IZPOC1W_S506_N706;size=1 ,unused_limite0.025,>Zotu26_P1_C11_7IZPOC1W_S506_N706;size=1 ,unused_limite0.03,>Zotu26_P1_C11_7IZPOC1W_S506_N706;size=1 ,unused_limite0.04,>Zotu26_P1_C11_7IZPOC1W_S506_N706;size=1 ,unused_limite0.05,>Zotu26_P1_C11_7IZPOC1W_S506_N706;size=1 ,unused_limite0.06,>Zotu26_P1_C11_7IZPOC1W_S506_N706;size=1 ,clade11_limite0.075,>Zotu26_P1_C11_7IZPOC1W_S506_N706;size=1 ,clade11_limite0.075,>Zotu26_P1_C11_7IZPOC1W_S506_N706;size=1 ,clade11_limite0.075,>Zotu26_P1_C11_7IZPOC1W_S506_N706;size=1 ,unused_limite0.006644635,,
Zotu26_P1_D10_4SHC5C2R_S502_N706,0,0,0,0,0,1,0,0,275,0,0,0,0,0,0,0,0,0,0,0,0,0,0,0,0,0,0,0,0,18,>Zotu26_P1_D10_4SHC5C2R_S502_N706;size=1,GCCTTAATAACATAAGATTTTGACTTTTACCCCCCTCACTAACACTATTATTAATATCAAGAATTATTGATAAAGGAGCTGGAACTGGTTGAACAGTTTATCCCCCTTTATCAACTAATATTGCACATGAGGGTGCTTCTGTAGACTTAGCTATTTTTAGGCTACATATGGCAGGAATTTCTTCTATCTTAGGGGCAATAAACTTTATTTCAACAGTAATTAATATACGACCGGCTGGTATAAAACCTGATCGAATATCTTTATTTATTTGAGCAGTAAAAATTACAGCAATTTTATTGCTTCTGTCATTGCCCGTTTTAGCTGGGGCTATTACTATATTATTAACAGACCGAAATATTAATACTTCATTTTTTGACCCTGCCGGGGGAGGAGATCCTATTTTATACCAACATTTATTTT ,clade8_limite0.005,>Zotu26_P1_D10_4SHC5C2R_S502_N706;size=1 ,clade8_limite0.01,>Zotu26_P1_D10_4SHC5C2R_S502_N706;size=1 ,clade10_limite0.015,>Zotu26_P1_D10_4SHC5C2R_S502_N706;size=1 ,clade10_limite0.02,>Zotu26_P1_D10_4SHC5C2R_S502_N706;size=1 ,clade11_limite0.025,>Zotu26_P1_D10_4SHC5C2R_S502_N706;size=1 ,clade12_limite0.03,>Zotu26_P1_D10_4SHC5C2R_S502_N706;size=1 ,clade12_limite0.04,>Zotu26_P1_D10_4SHC5C2R_S502_N706;size=1 ,clade13_limite0.05,>Zotu26_P1_D10_4SHC5C2R_S502_N706;size=1 ,clade11_limite0.06,>Zotu26_P1_D10_4SHC5C2R_S502_N706;size=1 ,clade11_limite0.075,>Zotu26_P1_D10_4SHC5C2R_S502_N706;size=1 ,clade11_limite0.075,>Zotu26_P1_D10_4SHC5C2R_S502_N706;size=1 ,clade11_limite0.075,>Zotu26_P1_D10_4SHC5C2R_S502_N706;size=1 ,clade8_limite0.006644635,,
Zotu28_P1_E03_55TRE137_S505_N702,0,0,0,0,0,0,0,0,0,0,283,0,0,0,0,0,0,0,0,0,0,0,0,0,0,0,0,308,0,60,>Zotu28_P1_E03_55TRE137_S505_N702;size=2,GAATAAATAATATAAGATTTTGATTACTCCCCCCATCATTATTTTTGTTATTAATAAGTAGAATAGTAGAAAGAGGAGCAGGAACAGGATGAACAGTGTACCCCCCACTATCATCCAATATTGCTCACGGAGGTTCTTCTGTAGATTTAGCCATTTTTAGGCTTCATTTAGCTGGAATCTCCTCTATTCTAGGTGCAATTAATTTTATTACAACAGTAATTAACATACGACCTGAAGGAATAACATTAGACCGAATACCTTTATTTGTATGAGCAGTTGTAATTACTGCAATTTTATTATTATTATCCTTACCAGTTTTAGCAGGTGCTATCACCATACTACTAACAGATCGAAACTTAAATACTTCCTTTTTCGACCCTGCTGGAGGTGGGGACCCTATTTTATACCAACACCTATTTT ,unused_limite0.005,>Zotu28_P1_E03_55TRE137_S505_N702;size=2 ,unused_limite0.01,>Zotu28_P1_E03_55TRE137_S505_N702;size=2 ,unused_limite0.015,>Zotu28_P1_E03_55TRE137_S505_N702;size=2 ,unused_limite0.02,>Zotu28_P1_E03_55TRE137_S505_N702;size=2 ,unused_limite0.025,>Zotu28_P1_E03_55TRE137_S505_N702;size=2 ,unused_limite0.03,>Zotu28_P1_E03_55TRE137_S505_N702;size=2 ,unused_limite0.04,>Zotu28_P1_E03_55TRE137_S505_N702;size=2 ,unused_limite0.05,>Zotu28_P1_E03_55TRE137_S505_N702;size=2 ,unused_limite0.06,>Zotu28_P1_E03_55TRE137_S505_N702;size=2 ,unused_limite0.075,>Zotu28_P1_E03_55TRE137_S505_N702;size=2 ,unused_limite0.075,>Zotu28_P1_E03_55TRE137_S505_N702;size=2 ,unused_limite0.075,>Zotu28_P1_E03_55TRE137_S505_N702;size=2 ,unused_limite0.006644635,,
Zotu2_P1_C07_6IZPOC1J_S505_N704,0,0,0,1,0,1355,0,0,0,0,0,61,0,0,0,0,0,0,0,0,0,0,0,0,0,0,0,0,0,44,>Zotu2_P1_C07_6IZPOC1J_S505_N704;size=2,GCCTCAACAACATAAGATTTTGACTATTACCTCCTTCATTAACATTATTATTAATATCAAGAATTATCGATAAAGGGGCCGGAACTGGTTGGACCGTCTACCCGCCCTTATCAACTAACATTGCACATGAAGGTGCTTCTGTAGATTTAGCTATTTTTAGGCTACACATAGCAGGAATTTCATCTATTTTAGGGGCAATAAATTTTATCTCAACAGTAATTAATATACGACCAGCGGGCATAAAGCCTGATCGAATATCTTTATTTATTTGAGCGGTGAAAATTACAGCAATTTTACTACTTTTGTCACTACCCGTTTTAGCCGGAGCTATTACTATATTACTAACAGACCGAAATATTAATACTTCTTTTTTTGACCCTGCTGGAGGAGGAGACCCTATTTTATACCAACATTTATTTT ,unused_limite0.005,>Zotu2_P1_C07_6IZPOC1J_S505_N704;size=2 ,clade9_limite0.01,>Zotu2_P1_C07_6IZPOC1J_S505_N704;size=2 ,clade11_limite0.015,>Zotu2_P1_C07_6IZPOC1J_S505_N704;size=2 ,clade11_limite0.02,>Zotu2_P1_C07_6IZPOC1J_S505_N704;size=2 ,clade12_limite0.025,>Zotu2_P1_C07_6IZPOC1J_S505_N704;size=2 ,clade13_limite0.03,>Zotu2_P1_C07_6IZPOC1J_S505_N704;size=2 ,clade13_limite0.04,>Zotu2_P1_C07_6IZPOC1J_S505_N704;size=2 ,clade14_limite0.05,>Zotu2_P1_C07_6IZPOC1J_S505_N704;size=2 ,clade11_limite0.06,>Zotu2_P1_C07_6IZPOC1J_S505_N704;size=2 ,clade11_limite0.075,>Zotu2_P1_C07_6IZPOC1J_S505_N704;size=2 ,clade11_limite0.075,>Zotu2_P1_C07_6IZPOC1J_S505_N704;size=2 ,clade11_limite0.075,>Zotu2_P1_C07_6IZPOC1J_S505_N704;size=2 ,unused_limite0.006644635,,
Zotu39_P1_D10_4SHC5C2R_S502_N706,0,0,0,0,0,0,0,0,121,0,0,0,0,0,0,0,0,0,0,0,0,0,0,0,0,0,0,0,0,19,>Zotu39_P1_D10_4SHC5C2R_S502_N706;size=1,GCCTTAATAACATAAGATTTTGACTTTTACCCCCCTCACTAACACTATTATTAATATCAAGAATTATTGATAAAGGAGCTGGAACTGGTTGAACAGTTTATCCCCCTTTATCAACTAATATTGCACATGAGGGTGCTTCTGTAGACTTAGCTATTTTTAGGCTACATATGGCAGGAATTTCTTCTATCTTAGGGGCAATAAACTTTATTTCAACAGTAATTAATATACGACCGGCTGGTATAAAACCTGATCGAATATCTTTATTTATTTGAGCAGTAAAAATTACAGCAATTTTATTGCTTCTGTCATTGCCCGTTTTAGCTGGGGCTATTACTATATTATTAACAGACCGAAATATTAATACTTCATTTTTTGACCCTGCCGGAGGAGGAGATCCTATTTTATACCAACATTTATTTT ,clade8_limite0.005,>Zotu39_P1_D10_4SHC5C2R_S502_N706;size=1 ,clade8_limite0.01,>Zotu39_P1_D10_4SHC5C2R_S502_N706;size=1 ,clade10_limite0.015,>Zotu39_P1_D10_4SHC5C2R_S502_N706;size=1 ,clade10_limite0.02,>Zotu39_P1_D10_4SHC5C2R_S502_N706;size=1 ,clade11_limite0.025,>Zotu39_P1_D10_4SHC5C2R_S502_N706;size=1 ,clade12_limite0.03,>Zotu39_P1_D10_4SHC5C2R_S502_N706;size=1 ,clade12_limite0.04,>Zotu39_P1_D10_4SHC5C2R_S502_N706;size=1 ,clade13_limite0.05,>Zotu39_P1_D10_4SHC5C2R_S502_N706;size=1 ,clade11_limite0.06,>Zotu39_P1_D10_4SHC5C2R_S502_N706;size=1 ,clade11_limite0.075,>Zotu39_P1_D10_4SHC5C2R_S502_N706;size=1 ,clade11_limite0.075,>Zotu39_P1_D10_4SHC5C2R_S502_N706;size=1 ,clade11_limite0.075,>Zotu39_P1_D10_4SHC5C2R_S502_N706;size=1 ,clade8_limite0.006644635,,
Zotu40_P1_D10_4SHC5C2R_S502_N706,0,0,0,0,0,0,0,0,105,0,0,0,0,0,0,0,0,0,0,0,0,0,0,0,0,0,0,0,0,20,>Zotu40_P1_D10_4SHC5C2R_S502_N706;size=1,GCCTTAATAACATAAGATTTTGACTTTTACCCCCCTCACTAACACTATTATTAATATCAAGAATTATTGATAAAGGAACTGGAACTGGTTGAACAGTTTATCCCCCTTTATCAACTAATATTGCACATGAGGGTGCTTCTGTAGACTTAGCTATTTTTAGGCTACATATGGCAGGAATTTCTTCTATCTTAGGGGCAATAAACTTTATTTCAACAGTAATTAATATACGACCGGCTGGTATAAAACCTGATCGAATATCTTTATTTATTTGAGCAGTAAAAATTACAGCAATTTTATTGCTTCTGTCATTGCCCGTTTTAGCTGGGGCTATTACTATATTATTAACAGACCGAAATATTAATACTTCATTTTTTGACCCTGCCGGAGGAGGAGATCCTATTTTATACCAACATTTATTTT ,clade8_limite0.005,>Zotu40_P1_D10_4SHC5C2R_S502_N706;size=1 ,clade8_limite0.01,>Zotu40_P1_D10_4SHC5C2R_S502_N706;size=1 ,clade10_limite0.015,>Zotu40_P1_D10_4SHC5C2R_S502_N706;size=1 ,clade10_limite0.02,>Zotu40_P1_D10_4SHC5C2R_S502_N706;size=1 ,clade11_limite0.025,>Zotu40_P1_D10_4SHC5C2R_S502_N706;size=1 ,clade12_limite0.03,>Zotu40_P1_D10_4SHC5C2R_S502_N706;size=1 ,clade12_limite0.04,>Zotu40_P1_D10_4SHC5C2R_S502_N706;size=1 ,clade13_limite0.05,>Zotu40_P1_D10_4SHC5C2R_S502_N706;size=1 ,clade11_limite0.06,>Zotu40_P1_D10_4SHC5C2R_S502_N706;size=1 ,clade11_limite0.075,>Zotu40_P1_D10_4SHC5C2R_S502_N706;size=1 ,clade11_limite0.075,>Zotu40_P1_D10_4SHC5C2R_S502_N706;size=1 ,clade11_limite0.075,>Zotu40_P1_D10_4SHC5C2R_S502_N706;size=1 ,clade8_limite0.006644635,,
Zotu43_P1_C03_29TRE808_S504_N702,0,0,0,0,65,0,0,0,0,0,0,0,0,0,0,0,0,0,0,0,0,0,0,127,0,0,0,0,0,67,>Zotu43_P1_C03_29TRE808_S504_N702;size=2,GTTTAAATAATATAAGATTTTGACTTCTCCCTCCGTCGCTTTCTCTATTATTAATAAGAAGAATCGTTGATAAAGGAGCTGGAACTGGGTGAACTGTATATCCCCCTCTTTCGGCAAATATTGCTCATGAGGGAGCCTCAGTGGATTTAGCCATCTTTAGCCTTCATATAGCGGGAATGTCATCAATTTTAGGTGCAATTAACTTTATTTCAACAATTATTAATATACGTCCAACGGGAATATCCCTAGATCGTATACCTTTATTTGTATGAGCCGTAAAAATTACTGCAATCCTATTACTATTATCTCTTCCAGTATTAGCGGGAGCTATCACCATACTACTTACTGACCGTAATGTCAACACATCATTCTTTGACCCAGCCGGAGGAGGTGATCCTATTCTTTATCAACACTTATTCT ,unused_limite0.005,>Zotu43_P1_C03_29TRE808_S504_N702;size=2 ,unused_limite0.01,>Zotu43_P1_C03_29TRE808_S504_N702;size=2 ,unused_limite0.015,>Zotu43_P1_C03_29TRE808_S504_N702;size=2 ,unused_limite0.02,>Zotu43_P1_C03_29TRE808_S504_N702;size=2 ,clade10_limite0.025,>Zotu43_P1_C03_29TRE808_S504_N702;size=2 ,clade11_limite0.03,>Zotu43_P1_C03_29TRE808_S504_N702;size=2 ,clade11_limite0.04,>Zotu43_P1_C03_29TRE808_S504_N702;size=2 ,clade12_limite0.05,>Zotu43_P1_C03_29TRE808_S504_N702;size=2 ,clade13_limite0.06,>Zotu43_P1_C03_29TRE808_S504_N702;size=2 ,clade2_limite0.075,>Zotu43_P1_C03_29TRE808_S504_N702;size=2 ,clade2_limite0.075,>Zotu43_P1_C03_29TRE808_S504_N702;size=2 ,clade2_limite0.075,>Zotu43_P1_C03_29TRE808_S504_N702;size=2 ,unused_limite0.006644635,,
Zotu43_P1_H04_19MMC1_S503_N703,0,0,0,0,0,0,0,0,0,0,0,0,0,0,172,0,0,0,0,0,0,0,0,0,0,0,0,0,10,57,>Zotu43_P1_H04_19MMC1_S503_N703;size=2,GTATAAACAATATAAGATTTTGATTTTTACCACCTTCCCTCATATTTTTATTAATAAGAAGAATAGTAGAAAGAGGGGCAGGAACAGGATGAACCGTTTATCCCCCTTTATCCGCTAATATTGCTCATAGAGGATCATCAGTTGATTTAGCAATTTTTAGATTACATATAGCAGGAATTTCTTCAATTCTAGGAGCAGTAAATTTTATTTCAACTATTATAAACATAAAACCCCCAAGAATAAAATTTGATCAAATACCTTTATTTGTTTGATCAGTAGGAATTACGGCTTTACTTTTATTGTTATCATTACCTGTTTTAGCTGGAGCTATTACTATGCTTCTTTCTGATCGTAATCTTAATACATCCTTCTTTGATCCAATAGGAGGGGGTGATCCAATTCTTTATCAACATCTTTTTT ,unused_limite0.005,>Zotu43_P1_H04_19MMC1_S503_N703;size=2 ,unused_limite0.01,>Zotu43_P1_H04_19MMC1_S503_N703;size=2 ,clade3_limite0.015,>Zotu43_P1_H04_19MMC1_S503_N703;size=2 ,clade3_limite0.02,>Zotu43_P1_H04_19MMC1_S503_N703;size=2 ,clade3_limite0.025,>Zotu43_P1_H04_19MMC1_S503_N703;size=2 ,clade3_limite0.03,>Zotu43_P1_H04_19MMC1_S503_N703;size=2 ,clade3_limite0.04,>Zotu43_P1_H04_19MMC1_S503_N703;size=2 ,clade3_limite0.05,>Zotu43_P1_H04_19MMC1_S503_N703;size=2 ,clade3_limite0.06,>Zotu43_P1_H04_19MMC1_S503_N703;size=2 ,clade4_limite0.075,>Zotu43_P1_H04_19MMC1_S503_N703;size=2 ,clade4_limite0.075,>Zotu43_P1_H04_19MMC1_S503_N703;size=2 ,clade4_limite0.075,>Zotu43_P1_H04_19MMC1_S503_N703;size=2 ,unused_limite0.006644635,,
Zotu46_P1_E02_21MMC3_S517_N701,0,0,0,0,0,0,0,0,0,92,0,0,0,0,0,0,0,0,0,0,132,20,0,0,0,0,0,0,0,29,>Zotu46_P1_E02_21MMC3_S517_N701;size=3,GTTTAAATAATATAAGATTCTGACTTCTCCCTCCATCACTTTCTATATTATTGATAAGAAGAATCATTGATAAAGGAGCTGGGACTGGATGAACTGTATATCCTCCCCTTTCGGCAAATATTGCTCATGAAGGAGCCTCAGTGGATTTAGCCATCTTTAGCCTTCATATAGCAGGAATATCATCAATTTTAGGTGCAATTAACTTTATTTCAACAATTATTAATATACGTCCAACAGGAATAACCCTAGATCGTATACCTTTATTTGTATGAGCCGTAAAAATTACTGCAATCCTATTACTATTATCTCTTCCAGTATTGGCAGGAGCTATCACAATACTACTTACCGACCGTAATGTCAACACATCATTCTTTGACCCAGCTGGAGGAGGTGATCCTATTCTTTACCAACACTTATTCT ,clade10_limite0.005,>Zotu46_P1_E02_21MMC3_S517_N701;size=3 ,clade14_limite0.01,>Zotu46_P1_E02_21MMC3_S517_N701;size=3 ,clade15_limite0.015,>Zotu46_P1_E02_21MMC3_S517_N701;size=3 ,clade15_limite0.02,>Zotu46_P1_E02_21MMC3_S517_N701;size=3 ,clade10_limite0.025,>Zotu46_P1_E02_21MMC3_S517_N701;size=3 ,clade11_limite0.03,>Zotu46_P1_E02_21MMC3_S517_N701;size=3 ,clade11_limite0.04,>Zotu46_P1_E02_21MMC3_S517_N701;size=3 ,clade12_limite0.05,>Zotu46_P1_E02_21MMC3_S517_N701;size=3 ,clade13_limite0.06,>Zotu46_P1_E02_21MMC3_S517_N701;size=3 ,clade2_limite0.075,>Zotu46_P1_E02_21MMC3_S517_N701;size=3 ,clade2_limite0.075,>Zotu46_P1_E02_21MMC3_S517_N701;size=3 ,clade2_limite0.075,>Zotu46_P1_E02_21MMC3_S517_N701;size=3 ,clade13_limite0.006644635,,
Zotu47_P1_C11_7IZPOC1W_S506_N706,0,0,0,0,0,0,8,0,0,0,0,0,0,0,0,418,0,68,229,0,0,0,0,0,0,0,0,0,0,32,>Zotu47_P1_C11_7IZPOC1W_S506_N706;size=4,GTTTAAATAATATAAGATTCTGACTTCTCCCTCCATCACTTTCTCTATTATTGATAAGAAGAATCGTTGATAAAGGAGCTGGAACTGGGTGAACTGTATATCCCCCTCTTTCGGCAAATATTGCTCATGAAGGAGCCTCAGTGGATTTAGCCATCTTTAGCCTTCATATAGCAGGAATATCATCAATTTTAGGTGCAATTAACTTTATTTCAACAATTATTAATATACGTCCAACAGGAATAACCCTAGATCGTATACCTTTATTTGTATGAGCCGTAAAAATTACTGCAATCCTATTACTTCTATCTCTTCCAGTATTGGCAGGAGCTATCACCATACTACTTACCGACCGTAATGTCAACACATCATTCTTTGACCCAGCCGGAGGGGGCGATCCTATTCTTTACCAACACTTATTCT ,clade12_limite0.005,>Zotu47_P1_C11_7IZPOC1W_S506_N706;size=4 ,clade15_limite0.01,>Zotu47_P1_C11_7IZPOC1W_S506_N706;size=4 ,clade15_limite0.015,>Zotu47_P1_C11_7IZPOC1W_S506_N706;size=4 ,clade15_limite0.02,>Zotu47_P1_C11_7IZPOC1W_S506_N706;size=4 ,clade10_limite0.025,>Zotu47_P1_C11_7IZPOC1W_S506_N706;size=4 ,clade11_limite0.03,>Zotu47_P1_C11_7IZPOC1W_S506_N706;size=4 ,clade11_limite0.04,>Zotu47_P1_C11_7IZPOC1W_S506_N706;size=4 ,clade12_limite0.05,>Zotu47_P1_C11_7IZPOC1W_S506_N706;size=4 ,clade13_limite0.06,>Zotu47_P1_C11_7IZPOC1W_S506_N706;size=4 ,clade2_limite0.075,>Zotu47_P1_C11_7IZPOC1W_S506_N706;size=4 ,clade2_limite0.075,>Zotu47_P1_C11_7IZPOC1W_S506_N706;size=4 ,clade2_limite0.075,>Zotu47_P1_C11_7IZPOC1W_S506_N706;size=4 ,clade15_limite0.006644635,,
Zotu50_P1_C03_29TRE808_S504_N702,0,0,0,0,48,0,0,0,0,0,0,0,0,0,0,0,0,0,0,0,0,0,0,0,0,29,0,0,0,70,>Zotu50_P1_C03_29TRE808_S504_N702;size=2,GCATAAATAACATAAGATTTTGATTACTTCCTCCCTCTCTGACACTTTTATTAATAGGAGGTATAGTAGAAAGTGGGGCAGGAACTGGATGAACCGTGTACCCACCCTTAGCAGCTGGAATCGCTCACTCTGGAGGGTCTGTAGATTTATCTATTTTTAGGCTCCATTTGGCAGGAGCCTCATCAATCCTAGGGGCCGTTAATTTTATCACAACTATTATTAACATGCGAGCGCCTGGAATAACATGAGACCAAACACCTCTATTTGTTTGGTCTGTGTTTCTAACAGCAATCCTTCTCCTACTCTCCCTACCAGTATTAGCAGGGGCTATCACTATACTACTAACAGACCGAAATTTAAACACAAGATTCTTTGACCCTGCAGGTGGGGGGGACCCGATTCTTTACCAACATTTATTTT ,unused_limite0.005,>Zotu50_P1_C03_29TRE808_S504_N702;size=2 ,unused_limite0.01,>Zotu50_P1_C03_29TRE808_S504_N702;size=2 ,unused_limite0.015,>Zotu50_P1_C03_29TRE808_S504_N702;size=2 ,unused_limite0.02,>Zotu50_P1_C03_29TRE808_S504_N702;size=2 ,unused_limite0.025,>Zotu50_P1_C03_29TRE808_S504_N702;size=2 ,unused_limite0.03,>Zotu50_P1_C03_29TRE808_S504_N702;size=2 ,unused_limite0.04,>Zotu50_P1_C03_29TRE808_S504_N702;size=2 ,unused_limite0.05,>Zotu50_P1_C03_29TRE808_S504_N702;size=2 ,unused_limite0.06,>Zotu50_P1_C03_29TRE808_S504_N702;size=2 ,unused_limite0.075,>Zotu50_P1_C03_29TRE808_S504_N702;size=2 ,unused_limite0.075,>Zotu50_P1_C03_29TRE808_S504_N702;size=2 ,unused_limite0.075,>Zotu50_P1_C03_29TRE808_S504_N702;size=2 ,unused_limite0.006644635,,
Zotu50_P1_C07_6IZPOC1J_S505_N704,0,0,0,0,0,4,0,0,0,0,0,1,0,0,0,0,0,0,0,0,0,0,0,0,0,0,0,0,0,45,>Zotu50_P1_C07_6IZPOC1J_S505_N704;size=1,GCCTCAACAACATAAGATTTTGACTATTACCTCCTTCATTAACATTATTATTAATATCAAGAATTATCGATAAAGGGGCCGGAACCGGTTGAACCGTCTACCCGCCCCTATCAACTAACATTGCACATGAAGGTGCTTCTGTAGATTTAGCTATTTTTAGACTACACATAGCAGGAATTTCATCTATTTTAGGGGCAATAAATTTTATCTCAACAGTAATTAATATACGACCAGCAGGCATAAAGCCTGATCGAATATCTTTATTTATTTGAGCAGTGAAAATTACAGCAATTTTACTACTTTTGTCACTACCCGTTTTAGCCGGAGCTATTACTATATTACTAACAGACCGAAATATTAATACTTCTTTTTTTGACCCTGCTGGAGGAGGGGATCCTATTTTATACCAACATTTATTTT ,unused_limite0.005,>Zotu50_P1_C07_6IZPOC1J_S505_N704;size=1 ,clade9_limite0.01,>Zotu50_P1_C07_6IZPOC1J_S505_N704;size=1 ,clade11_limite0.015,>Zotu50_P1_C07_6IZPOC1J_S505_N704;size=1 ,clade11_limite0.02,>Zotu50_P1_C07_6IZPOC1J_S505_N704;size=1 ,clade12_limite0.025,>Zotu50_P1_C07_6IZPOC1J_S505_N704;size=1 ,clade13_limite0.03,>Zotu50_P1_C07_6IZPOC1J_S505_N704;size=1 ,clade13_limite0.04,>Zotu50_P1_C07_6IZPOC1J_S505_N704;size=1 ,clade14_limite0.05,>Zotu50_P1_C07_6IZPOC1J_S505_N704;size=1 ,clade11_limite0.06,>Zotu50_P1_C07_6IZPOC1J_S505_N704;size=1 ,clade11_limite0.075,>Zotu50_P1_C07_6IZPOC1J_S505_N704;size=1 ,clade11_limite0.075,>Zotu50_P1_C07_6IZPOC1J_S505_N704;size=1 ,clade11_limite0.075,>Zotu50_P1_C07_6IZPOC1J_S505_N704;size=1 ,unused_limite0.006644635,,
Zotu65_P2_D04_21MMC3a_S517_N708,0,0,0,0,0,0,0,0,0,2,0,0,0,0,0,0,0,0,0,0,7,0,0,0,0,0,0,0,0,7,>Zotu65_P2_D04_21MMC3a_S517_N708;size=1,GAATAAACAATATAAGATTCTGGCTTCTTCCCCCTTCACTCTCCCTTCTTTTAATAAGAAGAATAGTAGAAAGTGGAGCAGGAACAGGATGAACAGTTTATCCACCTCTTTCTTCAAATATTGCCCATGGTGGATCTTCTGTAGATCTAGCTATTTTTAGTCTTCATTTAGCAGGAATTTCTTCAATCTTAGGGGCAGTCAATTTTATTACTACAGTAATTAATATACGACCCATAGGAATAACTTTAGACCGAATACCCTTGTTTGTTTGAAGAGTGGCTATTACTGCACTTTTACTTCTTCTTTCTCTTCCTGTTTTAGCTGGAGCAATCACTATACTTTTAACCGACCGAAATTTAAATACATCATTTTTTGATCCGGCAGGAGGGGGGGATCCAATTCTTTACCAACATTTATTTT ,clade4_limite0.005,>Zotu65_P2_D04_21MMC3a_S517_N708;size=1 ,clade4_limite0.01,>Zotu65_P2_D04_21MMC3a_S517_N708;size=1 ,clade5_limite0.015,>Zotu65_P2_D04_21MMC3a_S517_N708;size=1 ,clade5_limite0.02,>Zotu65_P2_D04_21MMC3a_S517_N708;size=1 ,clade5_limite0.025,>Zotu65_P2_D04_21MMC3a_S517_N708;size=1 ,clade6_limite0.03,>Zotu65_P2_D04_21MMC3a_S517_N708;size=1 ,clade6_limite0.04,>Zotu65_P2_D04_21MMC3a_S517_N708;size=1 ,clade6_limite0.05,>Zotu65_P2_D04_21MMC3a_S517_N708;size=1 ,clade6_limite0.06,>Zotu65_P2_D04_21MMC3a_S517_N708;size=1 ,clade7_limite0.075,>Zotu65_P2_D04_21MMC3a_S517_N708;size=1 ,clade7_limite0.075,>Zotu65_P2_D04_21MMC3a_S517_N708;size=1 ,clade7_limite0.075,>Zotu65_P2_D04_21MMC3a_S517_N708;size=1 ,clade4_limite0.006644635,,
Zotu70_P2_D04_21MMC3a_S517_N708,0,0,0,0,0,0,0,0,0,0,0,0,0,0,0,1,0,0,2,0,5,0,0,0,0,0,0,0,0,14,>Zotu70_P2_D04_21MMC3a_S517_N708;size=1,GTTTAAATAATATAAGTTTCTGGCTTCTTCCCCCATCACTTTCTCTCTTATTAATAAGAAGAATTGTTGATAAAGGAGCTGGAACCGGATGAACAGTTTACCCTCCCCTTTCAGCAAACATTGCTCATGAAGGAGCCTCAGTTGATTTAGCTATCTTTAGTCTCCATATAGCTGGAGTATCATCAATTCTAGGAGCAATTAACTTTATTTTAACAGTTATTAATATACGCCCAACAGGGATATCTCTAGATCGTATACCTTTATTTGTATTGGCCGTAAAGATTACTGCAATCCTATTACTATTATCTCTACCAGTATTAGCAGGAGCTATCACCATACTCCTTACTGACCGTAATGTTAACACATCATTCTTTGACCCCGCCGGGGGAGGTGACCCAATTCTTTATCAACACTTATTCT ,clade7_limite0.005,>Zotu70_P2_D04_21MMC3a_S517_N708;size=1 ,clade7_limite0.01,>Zotu70_P2_D04_21MMC3a_S517_N708;size=1 ,clade9_limite0.015,>Zotu70_P2_D04_21MMC3a_S517_N708;size=1 ,clade9_limite0.02,>Zotu70_P2_D04_21MMC3a_S517_N708;size=1 ,clade9_limite0.025,>Zotu70_P2_D04_21MMC3a_S517_N708;size=1 ,clade10_limite0.03,>Zotu70_P2_D04_21MMC3a_S517_N708;size=1 ,clade10_limite0.04,>Zotu70_P2_D04_21MMC3a_S517_N708;size=1 ,clade11_limite0.05,>Zotu70_P2_D04_21MMC3a_S517_N708;size=1 ,clade12_limite0.06,>Zotu70_P2_D04_21MMC3a_S517_N708;size=1 ,clade2_limite0.075,>Zotu70_P2_D04_21MMC3a_S517_N708;size=1 ,clade2_limite0.075,>Zotu70_P2_D04_21MMC3a_S517_N708;size=1 ,clade2_limite0.075,>Zotu70_P2_D04_21MMC3a_S517_N708;size=1 ,clade7_limite0.006644635,,
Zotu71_P1_C03_29TRE808_S504_N702,0,0,1,0,24,0,0,87,0,0,0,0,0,0,0,0,0,0,0,0,0,0,0,71,0,0,0,0,0,52,>Zotu71_P1_C03_29TRE808_S504_N702;size=3,GAATAAATAATATAAGTTTTTGACTACTTCCCCCTTCATTAACACTTCTGTTAATAAGAAGAATAGTGGAAAGAGGAGCTGGCACTGGATGAACAGTTTACCCCCCCCTCTCATCAGGAATTGCCCATGCTGGAGCTTCAGTTGATTTAGCTATTTTTAGATTACATTTAGCAGGGGTATCTTCAATTTTAGGAGCTGTGAATTTTATTACAACAATTATTAATATACGATCAATCGGAATAACTTTTGATCGAATGCCTTTATTTGTATGATCAGTAGGAATTACTGCTTTATTATTACTTTTATCATTACCAGTATTAGCTGGAGCCATTACAATATTATTAACAGATCGAAATTTAAATACTTCATTTTTTGACCCGGCAGGAGGAGGAGATCCAATTTTATATCAACATTTATTTT ,unused_limite0.005,>Zotu71_P1_C03_29TRE808_S504_N702;size=3 ,clade13_limite0.01,>Zotu71_P1_C03_29TRE808_S504_N702;size=3 ,clade6_limite0.015,>Zotu71_P1_C03_29TRE808_S504_N702;size=3 ,clade6_limite0.02,>Zotu71_P1_C03_29TRE808_S504_N702;size=3 ,clade6_limite0.025,>Zotu71_P1_C03_29TRE808_S504_N702;size=3 ,clade7_limite0.03,>Zotu71_P1_C03_29TRE808_S504_N702;size=3 ,clade7_limite0.04,>Zotu71_P1_C03_29TRE808_S504_N702;size=3 ,clade7_limite0.05,>Zotu71_P1_C03_29TRE808_S504_N702;size=3 ,clade7_limite0.06,>Zotu71_P1_C03_29TRE808_S504_N702;size=3 ,clade8_limite0.075,>Zotu71_P1_C03_29TRE808_S504_N702;size=3 ,clade8_limite0.075,>Zotu71_P1_C03_29TRE808_S504_N702;size=3 ,clade8_limite0.075,>Zotu71_P1_C03_29TRE808_S504_N702;size=3 ,clade12_limite0.006644635,,
Zotu74_P1_E02_21MMC3_S517_N701,0,0,0,0,0,0,0,0,0,38,0,0,0,0,2067,0,0,0,0,0,23,28,0,0,0,0,0,0,244,34,>Zotu74_P1_E02_21MMC3_S517_N701;size=5,GAATAAATAATATAAGTTTTTGACTACTTCCCCCTTCATTAACACTTCTTTTAATAAGAAGAATAGTGGAAAGAGGAGCTGGCACTGGATGAACAGTTTACCCCCCCCTCTCATCAGGAATTGCCCATGCTGGAGCTTCAGTTGATTTAGCTATTTTTAGATTACATTTAGCAGGAGTATCTTCAATTTTAGGAGCTGTAAATTTTATTACAACAATTATTAATATACGATCAATTGGAATAACTTTTGATCGAATACCTTTATTTGTATGATCAGTAGGAATTACTGCTTTATTATTACTTTTATCATTACCAGTATTAGCTGGAGCCATTACAATATTATTAACAGATCGAAATTTAAATACTTCATTTTTTGACCCGGCAGGAGGAGGAGATCCAATTTTATATCAACATTTATTTT ,clade13_limite0.005,>Zotu74_P1_E02_21MMC3_S517_N701;size=5 ,clade13_limite0.01,>Zotu74_P1_E02_21MMC3_S517_N701;size=5 ,clade6_limite0.015,>Zotu74_P1_E02_21MMC3_S517_N701;size=5 ,clade6_limite0.02,>Zotu74_P1_E02_21MMC3_S517_N701;size=5 ,clade6_limite0.025,>Zotu74_P1_E02_21MMC3_S517_N701;size=5 ,clade7_limite0.03,>Zotu74_P1_E02_21MMC3_S517_N701;size=5 ,clade7_limite0.04,>Zotu74_P1_E02_21MMC3_S517_N701;size=5 ,clade7_limite0.05,>Zotu74_P1_E02_21MMC3_S517_N701;size=5 ,clade7_limite0.06,>Zotu74_P1_E02_21MMC3_S517_N701;size=5 ,clade8_limite0.075,>Zotu74_P1_E02_21MMC3_S517_N701;size=5 ,clade8_limite0.075,>Zotu74_P1_E02_21MMC3_S517_N701;size=5 ,clade8_limite0.075,>Zotu74_P1_E02_21MMC3_S517_N701;size=5 ,clade12_limite0.006644635,,
Zotu75_P1_A01_32TCONS2_S502_N701,64,0,0,0,0,0,0,0,0,0,0,0,0,0,0,0,0,0,0,0,0,0,0,0,0,0,0,0,0,4,>Zotu75_P1_A01_32TCONS2_S502_N701;size=1,GAATAAATAACATAAGATTTTGATTATTACCTCCTTCTCTAACTTTACTTTTATTCAGCTCAATTGTAGAAAGAGGCGCTGGAACTGGGTGAACAGTTTATCCCCCACTTTCATCAAATATTGCTCATAGAGGATCTTCTGTAGATTTAGCAATTTTTAGATTACATTTAGCTGGAATTTCCTCAATTCTAGGGGCTGTAAATTTCATTACTACTGTAATTAATATACGACCTGCTGGAATGAGATTTGACAAAATACCTTTATTTGTTTGATCTGTTTTAATTACAGCAATTTTACTATTACTTTCTTTACCAGTACTTGCAGGGGCTATCACTATACTCTTAACTGACCGAAACTTAAATACATCTTTTTTTGATCCCGCTGGGGGCGGAGATCCAATTCTTTATCAACATTTATTCT ,clade2_limite0.005,>Zotu75_P1_A01_32TCONS2_S502_N701;size=1 ,clade2_limite0.01,>Zotu75_P1_A01_32TCONS2_S502_N701;size=1 ,clade2_limite0.015,>Zotu75_P1_A01_32TCONS2_S502_N701;size=1 ,clade2_limite0.02,>Zotu75_P1_A01_32TCONS2_S502_N701;size=1 ,clade2_limite0.025,>Zotu75_P1_A01_32TCONS2_S502_N701;size=1 ,clade2_limite0.03,>Zotu75_P1_A01_32TCONS2_S502_N701;size=1 ,clade2_limite0.04,>Zotu75_P1_A01_32TCONS2_S502_N701;size=1 ,clade2_limite0.05,>Zotu75_P1_A01_32TCONS2_S502_N701;size=1 ,clade2_limite0.06,>Zotu75_P1_A01_32TCONS2_S502_N701;size=1 ,clade3_limite0.075,>Zotu75_P1_A01_32TCONS2_S502_N701;size=1 ,clade3_limite0.075,>Zotu75_P1_A01_32TCONS2_S502_N701;size=1 ,clade3_limite0.075,>Zotu75_P1_A01_32TCONS2_S502_N701;size=1 ,clade2_limite0.006644635,,
Zotu76_P1_C03_29TRE808_S504_N702,0,0,0,0,22,0,0,0,0,0,0,0,0,0,7,0,0,0,0,0,0,0,0,26,0,0,0,0,3,42,>Zotu76_P1_C03_29TRE808_S504_N702;size=3,GAATAAATAATATAAGATTTTGACTTTTACCACCCTCTTTAACTTTATTACTTATAAGAAGAATTGTAGATAAAGGAGCTGGGACCGGTTGAACAGTTTATCCGCCTTTATCTGCTAATATCGCCCATGAAGGAGCCTCTGTTGATTTAGCAATTTTTAGACTCCATATAGCAGGAGTATCATCTATTTTAGGAGCTATTAACTTTATTTCAACAGTAATAAATATACGACCAAGAGGAATATTTTTAGATCGTATATCCTTATTTATTTGAGCTGTAAAAATTACAGCCATTTTACTACTTCTTTCACTACCTGTTCTAGCCGGAGCTATTACTATATTACTTACTGACCGAAATATTAATACATCATTTTTTGACCCTGCCGGAGGAGGTGATCCTATTTTATACCAACATTTATTTT ,unused_limite0.005,>Zotu76_P1_C03_29TRE808_S504_N702;size=3 ,unused_limite0.01,>Zotu76_P1_C03_29TRE808_S504_N702;size=3 ,unused_limite0.015,>Zotu76_P1_C03_29TRE808_S504_N702;size=3 ,unused_limite0.02,>Zotu76_P1_C03_29TRE808_S504_N702;size=3 ,unused_limite0.025,>Zotu76_P1_C03_29TRE808_S504_N702;size=3 ,unused_limite0.03,>Zotu76_P1_C03_29TRE808_S504_N702;size=3 ,clade15_limite0.04,>Zotu76_P1_C03_29TRE808_S504_N702;size=3 ,clade9_limite0.05,>Zotu76_P1_C03_29TRE808_S504_N702;size=3 ,clade9_limite0.06,>Zotu76_P1_C03_29TRE808_S504_N702;size=3 ,clade10_limite0.075,>Zotu76_P1_C03_29TRE808_S504_N702;size=3 ,clade10_limite0.075,>Zotu76_P1_C03_29TRE808_S504_N702;size=3 ,clade10_limite0.075,>Zotu76_P1_C03_29TRE808_S504_N702;size=3 ,unused_limite0.006644635,,
Zotu76_P2_F04_29TRE808a_S503_N709,0,0,0,0,2,0,0,0,0,0,0,0,0,0,0,0,0,0,0,0,0,0,0,11,0,0,0,0,0,6,>Zotu76_P2_F04_29TRE808a_S503_N709;size=1,GATTAAATAATATAAGATTTTGACTTCTACCTCCATCCCTTACTCTTTTATTAATATCAAGAATTATTGATAAAGGGGCAGGAACTGGCTGAACAGTTTATCCTCCTTTAGCTTCTAATATTTCTCATGAAGGAGCTTCAGTAGATTTAGCAATTTTCAGACTACATATAGCAGGTGTTTCTTCTATTCTTGGGGCTATAAATTTTATTTCAACTATTATTAATATGTACCCAGCTGGAATAAAGCCAGATCAACTATCCCTATTTACTTGATCCGTAAAAATTACAGCAATTCTTCTTCTTCTTTCTCTTCCTGTTCTTGCCGGAGCAATTACTATATTATTAACAGATCGAAATATTAATACTACTTTTTTTGATCCTGCCGGCGGAGGAGACCCAATTTTATATCAACATTTATTTT ,clade3_limite0.005,>Zotu76_P2_F04_29TRE808a_S503_N709;size=1 ,clade3_limite0.01,>Zotu76_P2_F04_29TRE808a_S503_N709;size=1 ,clade4_limite0.015,>Zotu76_P2_F04_29TRE808a_S503_N709;size=1 ,clade4_limite0.02,>Zotu76_P2_F04_29TRE808a_S503_N709;size=1 ,clade4_limite0.025,>Zotu76_P2_F04_29TRE808a_S503_N709;size=1 ,clade5_limite0.03,>Zotu76_P2_F04_29TRE808a_S503_N709;size=1 ,clade5_limite0.04,>Zotu76_P2_F04_29TRE808a_S503_N709;size=1 ,clade5_limite0.05,>Zotu76_P2_F04_29TRE808a_S503_N709;size=1 ,clade5_limite0.06,>Zotu76_P2_F04_29TRE808a_S503_N709;size=1 ,clade6_limite0.075,>Zotu76_P2_F04_29TRE808a_S503_N709;size=1 ,clade6_limite0.075,>Zotu76_P2_F04_29TRE808a_S503_N709;size=1 ,clade6_limite0.075,>Zotu76_P2_F04_29TRE808a_S503_N709;size=1 ,clade3_limite0.006644635,,
Zotu80_P2_G03_2SHCN5C2J_S506_N708,0,0,0,0,0,0,0,0,0,0,0,0,0,0,0,0,0,0,0,0,0,0,0,0,17,0,0,0,0,51,>Zotu80_P2_G03_2SHCN5C2J_S506_N708;size=1,GAATAAATAATATAAGATTTTGATTGTTACCTCCCTCATTAACGCTTTTATTATTTAGAAGAATAGTAGAGAGAGGAGCAGGAACTGGTTGAACCGTTTATCCTCCTTTATCAGCTAATATTGCACATAGAGGCTCTTCAGTAGATTTAGCAATTTTTAGATTACATTTAGCTGGAATTTCCTCAATTTTAGGTGCTGTAAATTTTATTTCTACAATTATTAATATACGAACTATTGGAATAACTTTTGATCGAATACCCTTATTTATTTGATCAGTTAATATCACGGCCATTTTATTATTATTATCATTACCAGTATTAGCAGGAGCTATTACTATATTACTTACAGATCGTAATTTAAATACTTCCTTTTTCGATCCTGCAGGAGGAGGAGATCCTATTTTATATCAACATTTATTTT ,unused_limite0.005,>Zotu80_P2_G03_2SHCN5C2J_S506_N708;size=1 ,unused_limite0.01,>Zotu80_P2_G03_2SHCN5C2J_S506_N708;size=1 ,unused_limite0.015,>Zotu80_P2_G03_2SHCN5C2J_S506_N708;size=1 ,unused_limite0.02,>Zotu80_P2_G03_2SHCN5C2J_S506_N708;size=1 ,unused_limite0.025,>Zotu80_P2_G03_2SHCN5C2J_S506_N708;size=1 ,unused_limite0.03,>Zotu80_P2_G03_2SHCN5C2J_S506_N708;size=1 ,unused_limite0.04,>Zotu80_P2_G03_2SHCN5C2J_S506_N708;size=1 ,unused_limite0.05,>Zotu80_P2_G03_2SHCN5C2J_S506_N708;size=1 ,unused_limite0.06,>Zotu80_P2_G03_2SHCN5C2J_S506_N708;size=1 ,unused_limite0.075,>Zotu80_P2_G03_2SHCN5C2J_S506_N708;size=1 ,unused_limite0.075,>Zotu80_P2_G03_2SHCN5C2J_S506_N708;size=1 ,unused_limite0.075,>Zotu80_P2_G03_2SHCN5C2J_S506_N708;size=1 ,unused_limite0.006644635,,
Zotu84_P1_C03_29TRE808_S504_N702,0,0,0,0,18,0,0,7,0,0,0,0,2,0,0,0,0,0,0,0,0,0,3,0,0,23,0,0,0,2,>Zotu84_P1_C03_29TRE808_S504_N702;size=2,GAATAAATAATATAAGTTTCTGATTACTTCCCCCGTCATTAACTTTATTATTAGCCGGGGGTTTGGTAGAAAGCGGCGCTGGTACCGGATGAACAGTATACCCCCCCTTAGCGGCAGGAATCGCCCACGCTGGGGCCTCAGTAGACCTTTCCATTTTTAGACTTCACCTAGCAGGTGCTAGATCTATCCTAGGTGCTGTGAATTTCATCACCACAATTATTAATATACGCACCCCAGGAATATCATGGGACCAAACCCCCCTATTCGTTTGGTCAGTCTTCTTAACTGCCATTTTATTACTTTTATCCCTTCCAGTACTAGCAGGAGCAATTACAATACTCCTGACAGACCGTAACCTAAATACATCGTTTTTTGACCCGGCTGGGGGAGGAGACCCAATCTTATACCAACACCTATTTT ,clade1_limite0.005,>Zotu84_P1_C03_29TRE808_S504_N702;size=2 ,clade1_limite0.01,>Zotu84_P1_C03_29TRE808_S504_N702;size=2 ,clade1_limite0.015,>Zotu84_P1_C03_29TRE808_S504_N702;size=2 ,clade1_limite0.02,>Zotu84_P1_C03_29TRE808_S504_N702;size=2 ,clade1_limite0.025,>Zotu84_P1_C03_29TRE808_S504_N702;size=2 ,clade1_limite0.03,>Zotu84_P1_C03_29TRE808_S504_N702;size=2 ,clade1_limite0.04,>Zotu84_P1_C03_29TRE808_S504_N702;size=2 ,clade1_limite0.05,>Zotu84_P1_C03_29TRE808_S504_N702;size=2 ,clade1_limite0.06,>Zotu84_P1_C03_29TRE808_S504_N702;size=2 ,clade1_limite0.075,>Zotu84_P1_C03_29TRE808_S504_N702;size=2 ,clade1_limite0.075,>Zotu84_P1_C03_29TRE808_S504_N702;size=2 ,clade1_limite0.075,>Zotu84_P1_C03_29TRE808_S504_N702;size=2 ,clade1_limite0.006644635,,
Zotu89_P1_E02_21MMC3_S517_N701,0,0,0,0,0,0,0,0,0,30,0,0,0,0,0,0,47,0,0,0,48,0,0,0,0,0,0,0,0,66,>Zotu89_P1_E02_21MMC3_S517_N701;size=3,GATTAAATAATATAAGATTCTGACTTCTCCCTCCATCGCTTTCTCTATTATTGATAAGAAGAATCGTCGATAAAGGAGCTGGAACTGGGTGAACTGTATATCCCCCCCTTTCAGCAAATATTGCTCATGAGGGAGCCTCAGTGGATTTAGCCATCTTTAGCCTTCATATAGCAGGAGTATCGTCAATTTTAGGTGCAATTAACTTTATTTCAACAATTATTAATATACGTCCAACAGGAATATCCCTAGATCGTATACCTTTATTTGTATGGGCCGTAAAAATTACTGCAATCCTATTACTGTTATCTCTTCCGGTATTGGCAGGAGCTATCACCATACTACTTACCGACCGTAATGTTAACACATCATTCTTTGACCCAGCCGGAGGAGGTGATCCTATTCTTTACCAACACTTATTCT ,unused_limite0.005,>Zotu89_P1_E02_21MMC3_S517_N701;size=3 ,unused_limite0.01,>Zotu89_P1_E02_21MMC3_S517_N701;size=3 ,unused_limite0.015,>Zotu89_P1_E02_21MMC3_S517_N701;size=3 ,unused_limite0.02,>Zotu89_P1_E02_21MMC3_S517_N701;size=3 ,clade10_limite0.025,>Zotu89_P1_E02_21MMC3_S517_N701;size=3 ,clade11_limite0.03,>Zotu89_P1_E02_21MMC3_S517_N701;size=3 ,clade11_limite0.04,>Zotu89_P1_E02_21MMC3_S517_N701;size=3 ,clade12_limite0.05,>Zotu89_P1_E02_21MMC3_S517_N701;size=3 ,clade13_limite0.06,>Zotu89_P1_E02_21MMC3_S517_N701;size=3 ,clade2_limite0.075,>Zotu89_P1_E02_21MMC3_S517_N701;size=3 ,clade2_limite0.075,>Zotu89_P1_E02_21MMC3_S517_N701;size=3 ,clade2_limite0.075,>Zotu89_P1_E02_21MMC3_S517_N701;size=3 ,unused_limite0.006644635,,
Zotu8_P1_C07_6IZPOC1J_S505_N704,0,0,0,0,0,91,0,0,0,0,0,5,0,26,0,0,0,0,0,0,0,0,0,0,0,0,0,0,0,21,>Zotu8_P1_C07_6IZPOC1J_S505_N704;size=3,GCCTTAATAACATAAGATTTTGACTTTTACCCCCCTCACTAACACTATTATTAATATCAAGAATTATTGATAAAGGAGCTGGAACTGGTTGAACAGTTTATCCCCCTTTATCAACTAATATTGCACATGAGGGTGCTTCTGTAGACTTAGCTATTTTTAGGCTACATATAGCAGGAATTTCTTCTATCTTAGGAGCAATAAACTTTATTTCAACAGTAATTAATATACGACCGGCTGGTATAAAACCTGATCGAATATCTTTATTTATTTGAGCAGTAAAAATTACAGCAATTTTATTGCTTCTGTCATTGCCCGTTTTAGCTGGGGCTATTACTATATTATTAACAGACCGAAATATTAATACTTCATTTTTTGACCCTGCCGGGGGAGGAGATCCTATTTTATACCAACATTTATTTT ,clade8_limite0.005,>Zotu8_P1_C07_6IZPOC1J_S505_N704;size=3 ,clade8_limite0.01,>Zotu8_P1_C07_6IZPOC1J_S505_N704;size=3 ,clade10_limite0.015,>Zotu8_P1_C07_6IZPOC1J_S505_N704;size=3 ,clade10_limite0.02,>Zotu8_P1_C07_6IZPOC1J_S505_N704;size=3 ,clade11_limite0.025,>Zotu8_P1_C07_6IZPOC1J_S505_N704;size=3 ,clade12_limite0.03,>Zotu8_P1_C07_6IZPOC1J_S505_N704;size=3 ,clade12_limite0.04,>Zotu8_P1_C07_6IZPOC1J_S505_N704;size=3 ,clade13_limite0.05,>Zotu8_P1_C07_6IZPOC1J_S505_N704;size=3 ,clade11_limite0.06,>Zotu8_P1_C07_6IZPOC1J_S505_N704;size=3 ,clade11_limite0.075,>Zotu8_P1_C07_6IZPOC1J_S505_N704;size=3 ,clade11_limite0.075,>Zotu8_P1_C07_6IZPOC1J_S505_N704;size=3 ,clade11_limite0.075,>Zotu8_P1_C07_6IZPOC1J_S505_N704;size=3 ,clade8_limite0.006644635,,
Zotu8_P2_A01_16IZPOC1_S502_N707,0,0,0,0,0,1,0,0,0,0,0,0,0,0,0,827,0,100,453,0,0,0,0,0,0,0,0,0,0,65,>Zotu8_P2_A01_16IZPOC1_S502_N707;size=3,GTTTAAATAATATAAGATTCTGACTTCTCCCTCCATCACTTTCTCTATTATTGATAAGAAGAATCGTTGATAAAGGAGCTGGGACTGGGTGAACTGTATATCCCCCCCTTTCGGCAAATATTGCTCATGAAGGAGCCTCAGTGGATTTAGCCATCTTTAGCCTTCATATAGCAGGAGTATCATCAATTTTAGGTGCAATTAACTTTATTTCAACAATTATTAATATACGTCCAACAGGAATAACCCTAGATCGTATACCTTTATTTGTATGAGCCGTAAAAATTACTGCAATCCTATTACTTCTATCTCTTCCAGTATTGGCAGGAGCTATCACCATACTACTTACCGACCGTAATGTCAACACATCATTCTTTGATCCAGCCGGAGGAGGCGATCCTATTCTTTACCAACACTTATTCT ,unused_limite0.005,>Zotu8_P2_A01_16IZPOC1_S502_N707;size=3 ,clade15_limite0.01,>Zotu8_P2_A01_16IZPOC1_S502_N707;size=3 ,clade15_limite0.015,>Zotu8_P2_A01_16IZPOC1_S502_N707;size=3 ,clade15_limite0.02,>Zotu8_P2_A01_16IZPOC1_S502_N707;size=3 ,clade10_limite0.025,>Zotu8_P2_A01_16IZPOC1_S502_N707;size=3 ,clade11_limite0.03,>Zotu8_P2_A01_16IZPOC1_S502_N707;size=3 ,clade11_limite0.04,>Zotu8_P2_A01_16IZPOC1_S502_N707;size=3 ,clade12_limite0.05,>Zotu8_P2_A01_16IZPOC1_S502_N707;size=3 ,clade13_limite0.06,>Zotu8_P2_A01_16IZPOC1_S502_N707;size=3 ,clade2_limite0.075,>Zotu8_P2_A01_16IZPOC1_S502_N707;size=3 ,clade2_limite0.075,>Zotu8_P2_A01_16IZPOC1_S502_N707;size=3 ,clade2_limite0.075,>Zotu8_P2_A01_16IZPOC1_S502_N707;size=3 ,unused_limite0.006644635,,
Zotu91_P1_E02_21MMC3_S517_N701,0,0,0,0,0,0,0,0,0,30,0,0,0,0,0,0,0,0,0,0,48,0,0,0,0,0,0,0,0,50,>Zotu91_P1_E02_21MMC3_S517_N701;size=2,GTCTTAATAATATAAGATTTTGATTCCTCCCCCCTTCATTAATATTTTTAATTATAAGAAGAATAGTAGAAAGAGGAGCAGGAACAGGGTGAACAGTTTACCCCCCTTTATCGGCTAATATTGCTCATAGAGGCCCCTCAGTTGATTTGGCAATTTTCAGTTTACATATAGCAGGAATTTCTTCAATTCTAGGCGCAGTTAATTTTATTTCTACAATTATAAATATACGTTCCCCAGGTATAAAATTTGATCAAATATCTCTTTTTATTTGATCAGTAGGAATTACTGCCCTTCTACTTCTCTTAAGACTTCCTGTCTTAGCGGGAGCAATTACAATGCTTCTATCCGATCGAAATTTAAATACCTCCTTTTTTGATCCCTTAGGAGGAGGGGACCCTATTCTGTATCAACACTTATTCT ,unused_limite0.005,>Zotu91_P1_E02_21MMC3_S517_N701;size=2 ,clade12_limite0.01,>Zotu91_P1_E02_21MMC3_S517_N701;size=2 ,clade14_limite0.015,>Zotu91_P1_E02_21MMC3_S517_N701;size=2 ,clade14_limite0.02,>Zotu91_P1_E02_21MMC3_S517_N701;size=2 ,clade15_limite0.025,>Zotu91_P1_E02_21MMC3_S517_N701;size=2 ,clade4_limite0.03,>Zotu91_P1_E02_21MMC3_S517_N701;size=2 ,clade4_limite0.04,>Zotu91_P1_E02_21MMC3_S517_N701;size=2 ,clade4_limite0.05,>Zotu91_P1_E02_21MMC3_S517_N701;size=2 ,clade4_limite0.06,>Zotu91_P1_E02_21MMC3_S517_N701;size=2 ,clade5_limite0.075,>Zotu91_P1_E02_21MMC3_S517_N701;size=2 ,clade5_limite0.075,>Zotu91_P1_E02_21MMC3_S517_N701;size=2 ,clade5_limite0.075,>Zotu91_P1_E02_21MMC3_S517_N701;size=2 ,clade11_limite0.006644635,,
Zotu96_P1_C03_29TRE808_S504_N702,0,0,0,0,14,0,0,0,0,0,0,0,0,0,0,0,0,0,0,0,0,0,0,36,0,0,0,0,0,11,>Zotu96_P1_C03_29TRE808_S504_N702;size=2,GAATAAATAATATAAGATTTTGACTACTTCCCCCGTCATTAACTTTATTATTGATAAGAAGAATAGTAGAAAGTGGAGCAGGGACAGGATGAACAGTTTATCCACCTCTTTCTTCTAATATTGCCCATGGTGGAGCCTCAGTTGATTTAGCTATTTTTAGATTACATCTAGCAGGGATTTCATCTATTCTTGGTGCTGTAAATTTTATTACTACAGTAATCAATATGCGATCAATCGGAATAACATTTGATCGAATAGCATTATTTATTTGATCAGTTGCTATTACTGCTCTTCTTTTACTTCTCTCTCTCCCTGTATTAGCCGGAGCAATCACAATGCTTTTAACAGACCGAAATCTTAATACTAGTTTTTTTGATCCCGCTGGAGGAGGAGATCCTATTTTATACCAACACTTATTTT ,clade5_limite0.005,>Zotu96_P1_C03_29TRE808_S504_N702;size=2 ,clade5_limite0.01,>Zotu96_P1_C03_29TRE808_S504_N702;size=2 ,clade7_limite0.015,>Zotu96_P1_C03_29TRE808_S504_N702;size=2 ,clade7_limite0.02,>Zotu96_P1_C03_29TRE808_S504_N702;size=2 ,clade7_limite0.025,>Zotu96_P1_C03_29TRE808_S504_N702;size=2 ,clade8_limite0.03,>Zotu96_P1_C03_29TRE808_S504_N702;size=2 ,clade8_limite0.04,>Zotu96_P1_C03_29TRE808_S504_N702;size=2 ,clade8_limite0.05,>Zotu96_P1_C03_29TRE808_S504_N702;size=2 ,clade8_limite0.06,>Zotu96_P1_C03_29TRE808_S504_N702;size=2 ,clade9_limite0.075,>Zotu96_P1_C03_29TRE808_S504_N702;size=2 ,clade9_limite0.075,>Zotu96_P1_C03_29TRE808_S504_N702;size=2 ,clade9_limite0.075,>Zotu96_P1_C03_29TRE808_S504_N702;size=2 ,clade5_limite0.006644635,,
Zotu97_P1_F08_41TDIST2_S503_N705,0,0,0,0,0,0,0,0,0,0,0,0,30,0,0,0,0,0,0,0,0,0,33,0,0,0,0,0,0,9,>Zotu97_P1_F08_41TDIST2_S503_N705;size=2,GAATAAATAATATAAGATTTTGACTACTTCCCCCGTCATTAACTTTATTATTGATAAGAAGAATAGTAGAAAGTGGAGCAGGGACAGGATGAACAGTTTATCCCCCTCTTTCTTCTAATATTGCCCATGGTGGAGCCTCAGTTGATTTAGCTATTTTTAGATTACATCTAGCAGGGATTTCATCTATTCTTGGTGCTGTAAATTTTATTACTACAGTAATCAATATACGATCAATCGGAATAACATTTGATCGAATAGCATTATTTATTTGATCAGTTGCTATTACTGCTCTTCTTTTACTTCTCTCTCTTCCTGTATTAGCCGGAGCAATCACAATGCTTTTAACAGACCGAAATCTTAATACTAGTTTTTTTGATCCTGCTGGAGGAGGAGATCCTATTTTATACCAACACTTATTTT ,clade5_limite0.005,>Zotu97_P1_F08_41TDIST2_S503_N705;size=2 ,clade5_limite0.01,>Zotu97_P1_F08_41TDIST2_S503_N705;size=2 ,clade7_limite0.015,>Zotu97_P1_F08_41TDIST2_S503_N705;size=2 ,clade7_limite0.02,>Zotu97_P1_F08_41TDIST2_S503_N705;size=2 ,clade7_limite0.025,>Zotu97_P1_F08_41TDIST2_S503_N705;size=2 ,clade8_limite0.03,>Zotu97_P1_F08_41TDIST2_S503_N705;size=2 ,clade8_limite0.04,>Zotu97_P1_F08_41TDIST2_S503_N705;size=2 ,clade8_limite0.05,>Zotu97_P1_F08_41TDIST2_S503_N705;size=2 ,clade8_limite0.06,>Zotu97_P1_F08_41TDIST2_S503_N705;size=2 ,clade9_limite0.075,>Zotu97_P1_F08_41TDIST2_S503_N705;size=2 ,clade9_limite0.075,>Zotu97_P1_F08_41TDIST2_S503_N705;size=2 ,clade9_limite0.075,>Zotu97_P1_F08_41TDIST2_S503_N705;size=2 ,clade5_limite0.006644635,,
Zotu99_P1_H04_19MMC1_S503_N703,0,0,0,0,0,0,0,0,0,0,0,0,0,0,10,0,0,0,0,0,0,0,0,0,0,0,0,0,0,31,>Zotu99_P1_H04_19MMC1_S503_N703;size=1,GTATAAACAATATAAGATTTTGATTTTTACCGCCTTCCCTCATATTTTTATTAATAAGAAGAATAGTAGAAAGAGGGGCAGGAACAGGATGAACCGTTTATCCCCCTTTATCCGCTAATATTGCTCATAGCGGACCATCAGTTGATTTAGCAATTTTTAGATTACATATAGCAGGAATTTCTTCAATTCTAGGAGCAGTAAATTTTATTTCAACTATTATAAACATAAAACCCCCAAGAATAAAATTTGATCAAATACCTTTATTTGTTTGATCAGTAGGAATTACGGCTTTACTTTTATTGCTATCGTTACCTGTTTTAGCTGGAGCTATTACTATGCTTCTTTCTGATCGTAATCTAAATACATCCTTCTTTGATCCAATGGGAGGTGGTGACCCAATTCTTTATCAACATCTTTTTT ,clade11_limite0.005,>Zotu99_P1_H04_19MMC1_S503_N703;size=1 ,clade16_limite0.01,>Zotu99_P1_H04_19MMC1_S503_N703;size=1 ,clade3_limite0.015,>Zotu99_P1_H04_19MMC1_S503_N703;size=1 ,clade3_limite0.02,>Zotu99_P1_H04_19MMC1_S503_N703;size=1 ,clade3_limite0.025,>Zotu99_P1_H04_19MMC1_S503_N703;size=1 ,clade3_limite0.03,>Zotu99_P1_H04_19MMC1_S503_N703;size=1 ,clade3_limite0.04,>Zotu99_P1_H04_19MMC1_S503_N703;size=1 ,clade3_limite0.05,>Zotu99_P1_H04_19MMC1_S503_N703;size=1 ,clade3_limite0.06,>Zotu99_P1_H04_19MMC1_S503_N703;size=1 ,clade4_limite0.075,>Zotu99_P1_H04_19MMC1_S503_N703;size=1 ,clade4_limite0.075,>Zotu99_P1_H04_19MMC1_S503_N703;size=1 ,clade4_limite0.075,>Zotu99_P1_H04_19MMC1_S503_N703;size=1 ,clade14_limite0.006644635,,
Zotu9_P1_C07_6IZPOC1J_S505_N704,0,0,0,0,0,86,0,0,0,0,0,6,0,0,0,0,0,0,0,0,0,0,0,0,0,0,0,0,0,16,>Zotu9_P1_C07_6IZPOC1J_S505_N704;size=2,GCCTTAATAACATAAGATTTTGACTTTTACCCCCCTCACTAACACTATTATTAATATCAAGAATTATTGATAAAGGAGCTGGAACTGGTTGAACAGTTTATCCCCCTTTATCAACTAATATTGCACATGAGGGTGCTTCTGTAGACTTAGCTATTTTTAGGCTACATATAGCAGGAATTTCTTCTATCTTAGGGGCAATAAACTTTATTTCAACAGTAATTAATATACGACCGGCTGGTATAAAACCTGATCGAATATCTTTATTTATTTGAGCAGTAAAAATTACAGCAATTTTATTGCTTCTGTCATTGCCCGTTTTAGCTGGGGCTATTACTATATTATTAACAGACCGAAATATTAATACTTCATTTTTTGACCCTGCCGGGGGAGGAGATCCTATTTTATACCAACATTTATTTT ,clade8_limite0.005,>Zotu9_P1_C07_6IZPOC1J_S505_N704;size=2 ,clade8_limite0.01,>Zotu9_P1_C07_6IZPOC1J_S505_N704;size=2 ,clade10_limite0.015,>Zotu9_P1_C07_6IZPOC1J_S505_N704;size=2 ,clade10_limite0.02,>Zotu9_P1_C07_6IZPOC1J_S505_N704;size=2 ,clade11_limite0.025,>Zotu9_P1_C07_6IZPOC1J_S505_N704;size=2 ,clade12_limite0.03,>Zotu9_P1_C07_6IZPOC1J_S505_N704;size=2 ,clade12_limite0.04,>Zotu9_P1_C07_6IZPOC1J_S505_N704;size=2 ,clade13_limite0.05,>Zotu9_P1_C07_6IZPOC1J_S505_N704;size=2 ,clade11_limite0.06,>Zotu9_P1_C07_6IZPOC1J_S505_N704;size=2 ,clade11_limite0.075,>Zotu9_P1_C07_6IZPOC1J_S505_N704;size=2 ,clade11_limite0.075,>Zotu9_P1_C07_6IZPOC1J_S505_N704;size=2 ,clade11_limite0.075,>Zotu9_P1_C07_6IZPOC1J_S505_N704;size=2 ,clade8_limite0.006644635,,
